[{"model": "sessions.session", "pk": "31hz0ieauf1wl729ez9vc3h71w1uxs7t", "fields": {"session_data": ".eJxVjDEOwjAMRe-SGUVOa6LAyM4ZIsexSQElUtNOiLtDpQ6w_vfef5lI61Li2mWOUzZn48zhd0vED6kbyHeqt2a51WWekt0Uu9Nury3L87K7fweFevnWyig0IkIA9nRkANRx0FNWVs7O86iYQgqQvACpiIrL6AQHCUE5mPcHC5w5TA:1pYlmm:PofhS4ZujCM11WGNdbDZuog0ktdcvghZyVFTVCUaaDs", "expire_date": "2023-03-19T10:40:12.053Z"}}, {"model": "sessions.session", "pk": "7l35fjy405yeoybnfqgil6rtqu5t7y35", "fields": {"session_data": ".eJxVjDEOwjAMRe-SGUVOa6LAyM4ZIsexSQElUtNOiLtDpQ6w_vfef5lI61Li2mWOUzZn48zhd0vED6kbyHeqt2a51WWekt0Uu9Nury3L87K7fweFevnWyig0IkIA9nRkANRx0FNWVs7O86iYQgqQvACpiIrL6AQHCUE5mPcHC5w5TA:1pYmVO:OJjVl33iULiStWLyjzto3docNxsCLUcXTtjdu8TNJ4o", "expire_date": "2023-03-19T11:26:18.358Z"}}, {"model": "sessions.session", "pk": "afvxc2d61ttnv3cj7aqqek1nx9alrudy", "fields": {"session_data": ".eJxVjDEOwjAMRe-SGUVOa6LAyM4ZIsexSQElUtNOiLtDpQ6w_vfef5lI61Li2mWOUzZn48zhd0vED6kbyHeqt2a51WWekt0Uu9Nury3L87K7fweFevnWyig0IkIA9nRkANRx0FNWVs7O86iYQgqQvACpiIrL6AQHCUE5mPcHC5w5TA:1pexDN:T0IHbnurw1zpzzeCiFSNEj7FdAvcfG1AuWsORvj9ZQ8", "expire_date": "2023-04-05T12:05:13.491Z"}}, {"model": "sessions.session", "pk": "bvqjzn8i1anmk6faizqjs9zyvh8updcf", "fields": {"session_data": ".eJxVjDEOwjAMRe-SGUVOa6LAyM4ZIsexSQElUtNOiLtDpQ6w_vfef5lI61Li2mWOUzZn48zhd0vED6kbyHeqt2a51WWekt0Uu9Nury3L87K7fweFevnWyig0IkIA9nRkANRx0FNWVs7O86iYQgqQvACpiIrL6AQHCUE5mPcHC5w5TA:1ph6PX:37_FdXQGClVhtsQ9higuqMaKOcvHHeJHV6zTOyuki_g", "expire_date": "2023-04-11T10:18:39.874Z"}}, {"model": "sessions.session", "pk": "e1rzpmsgp5l8mu4hjqfjg52kpuciy56e", "fields": {"session_data": ".eJxVjDEOwjAMRe-SGUVOa6LAyM4ZIsexSQElUtNOiLtDpQ6w_vfef5lI61Li2mWOUzZn48zhd0vED6kbyHeqt2a51WWekt0Uu9Nury3L87K7fweFevnWyig0IkIA9nRkANRx0FNWVs7O86iYQgqQvACpiIrL6AQHCUE5mPcHC5w5TA:1pXnK9:UQKwkdfhpNZN3FR5zOaeLuKYPTaA7EkPzMK8C7Iibg4", "expire_date": "2023-03-16T18:06:37.466Z"}}, {"model": "sessions.session", "pk": "swfpja86a49o8syv5orkjbwnvkw8uymc", "fields": {"session_data": ".eJxVjDEOwjAMRe-SGUVOa6LAyM4ZIsexSQElUtNOiLtDpQ6w_vfef5lI61Li2mWOUzZn48zhd0vED6kbyHeqt2a51WWekt0Uu9Nury3L87K7fweFevnWyig0IkIA9nRkANRx0FNWVs7O86iYQgqQvACpiIrL6AQHCUE5mPcHC5w5TA:1pYlmS:30EhMhHglrQgOwORX0lIPiv5awftEo102JdKoUSwLoM", "expire_date": "2023-03-19T10:39:52.440Z"}}, {"model": "sessions.session", "pk": "xwy6o8h1blsng42d5bo6m9x6hld8gsgb", "fields": {"session_data": ".eJxVjDEOwjAMRe-SGUVOa6LAyM4ZIsexSQElUtNOiLtDpQ6w_vfef5lI61Li2mWOUzZn48zhd0vED6kbyHeqt2a51WWekt0Uu9Nury3L87K7fweFevnWyig0IkIA9nRkANRx0FNWVs7O86iYQgqQvACpiIrL6AQHCUE5mPcHC5w5TA:1pXcvF:8khmzysQG29AALfNeSki6TXwo6YtlxAmwNyLFHV7spw", "expire_date": "2023-03-16T07:00:13.418Z"}}, {"model": "sessions.session", "pk": "yoi4oax8aknpzssyulbk5r9tfpdpybx2", "fields": {"session_data": ".eJxVjDEOwjAMRe-SGUVOa6LAyM4ZIsexSQElUtNOiLtDpQ6w_vfef5lI61Li2mWOUzZn48zhd0vED6kbyHeqt2a51WWekt0Uu9Nury3L87K7fweFevnWyig0IkIA9nRkANRx0FNWVs7O86iYQgqQvACpiIrL6AQHCUE5mPcHC5w5TA:1pbQDx:UHEw8fYkjIvBIdOVk579ZM7JMDF1UTKCqdbIkNCr0hI", "expire_date": "2023-03-26T18:15:13.851Z"}}, {"model": "authentication.user", "pk": 1, "fields": {"password": "pbkdf2_sha256$260000$VA5bBrOP7w7rr8Qrr21v52$nob8byTlERrSGP8IgblTgGJRQh7Zqpd5GsdJ3szV9UM=", "last_login": "2023-03-28T10:18:39.835Z", "is_superuser": true, "created_at": "2023-03-02T07:00:05.813Z", "updated_at": "2023-03-02T07:00:05.823Z", "first_name": null, "last_name": null, "middle_name": null, "email": null, "phone": "997042301", "outstanding": null, "is_staff": true, "groups": [], "user_permissions": []}}, {"model": "core.slide", "pk": 1, "fields": {"title_uz": "slider1", "title_ru": "slider1", "description_uz": "<p>Lorem ipsum dolor sit amet, consectetur adipiscing elit. Cras tincidunt nunc id condimentum convallis. In at lacus vel enim maximus placerat. Nulla lobortis aliquet est sed sagittis. Sed bibendum sit amet velit id tristique. Vivamus volutpat justo in erat varius varius. Curabitur magna nulla, cursus vitae blandit sed, rutrum at purus. Nunc blandit purus vel ligula semper rhoncus. Aliquam sit amet pulvinar ligula.</p>\r\n\r\n<p>Nunc at dapibus augue. Maecenas non massa eget odio congue auctor. Maecenas sit amet blandit lorem. Praesent pretium dui sit amet metus vulputate, cursus fringilla eros tempus. Suspendisse feugiat venenatis orci, quis elementum urna malesuada viverra. Duis malesuada nisl urna, sit amet accumsan felis tempor id. Nullam facilisis laoreet fermentum. Nunc sollicitudin bibendum condimentum. Nam sagittis dolor vel ligula fringilla, vitae scelerisque nulla eleifend. Nam et enim velit. Interdum et malesuada fames ac ante ipsum primis in faucibus. Vestibulum luctus, diam vel malesuada congue, turpis nisl imperdiet turpis, rhoncus posuere turpis magna quis felis. Sed imperdiet tempus diam, accumsan volutpat ex. In hac habitasse platea dictumst.</p>", "description_ru": "<p>Lorem ipsum dolor sit amet, consectetur adipiscing elit. Cras tincidunt nunc id condimentum convallis. In at lacus vel enim maximus placerat. Nulla lobortis aliquet est sed sagittis. Sed bibendum sit amet velit id tristique. Vivamus volutpat justo in erat varius varius. Curabitur magna nulla, cursus vitae blandit sed, rutrum at purus. Nunc blandit purus vel ligula semper rhoncus. Aliquam sit amet pulvinar ligula.</p>\r\n\r\n<p>Nunc at dapibus augue. Maecenas non massa eget odio congue auctor. Maecenas sit amet blandit lorem. Praesent pretium dui sit amet metus vulputate, cursus fringilla eros tempus. Suspendisse feugiat venenatis orci, quis elementum urna malesuada viverra. Duis malesuada nisl urna, sit amet accumsan felis tempor id. Nullam facilisis laoreet fermentum. Nunc sollicitudin bibendum condimentum. Nam sagittis dolor vel ligula fringilla, vitae scelerisque nulla eleifend. Nam et enim velit. Interdum et malesuada fames ac ante ipsum primis in faucibus. Vestibulum luctus, diam vel malesuada congue, turpis nisl imperdiet turpis, rhoncus posuere turpis magna quis felis. Sed imperdiet tempus diam, accumsan volutpat ex. In hac habitasse platea dictumst.</p>", "photo_url": "https://telegra.ph/file/4dd4a88786a6f022947b6.jpg"}}, {"model": "core.slide", "pk": 2, "fields": {"title_uz": "sliders2", "title_ru": "sliders2", "description_uz": "<p>Lorem ipsum dolor sit amet, consectetur adipiscing elit. Cras tincidunt nunc id condimentum convallis. In at lacus vel enim maximus placerat. Nulla lobortis aliquet est sed sagittis. Sed bibendum sit amet velit id tristique. Vivamus volutpat justo in erat varius varius. Curabitur magna nulla, cursus vitae blandit sed, rutrum at purus. Nunc blandit purus vel ligula semper rhoncus. Aliquam sit amet pulvinar ligula.</p>\r\n\r\n<p>Nunc at dapibus augue. Maecenas non massa eget odio congue auctor. Maecenas sit amet blandit lorem. Praesent pretium dui sit amet metus vulputate, cursus fringilla eros tempus. Suspendisse feugiat venenatis orci, quis elementum urna malesuada viverra. Duis malesuada nisl urna, sit amet accumsan felis tempor id. Nullam facilisis laoreet fermentum. Nunc sollicitudin bibendum condimentum. Nam sagittis dolor vel ligula fringilla, vitae scelerisque nulla eleifend. Nam et enim velit. Interdum et malesuada fames ac ante ipsum primis in faucibus. Vestibulum luctus, diam vel malesuada congue, turpis nisl imperdiet turpis, rhoncus posuere turpis magna quis felis. Sed imperdiet tempus diam, accumsan volutpat ex. In hac habitasse platea dictumst.</p>", "description_ru": "<p>Lorem ipsum dolor sit amet, consectetur adipiscing elit. Cras tincidunt nunc id condimentum convallis. In at lacus vel enim maximus placerat. Nulla lobortis aliquet est sed sagittis. Sed bibendum sit amet velit id tristique. Vivamus volutpat justo in erat varius varius. Curabitur magna nulla, cursus vitae blandit sed, rutrum at purus. Nunc blandit purus vel ligula semper rhoncus. Aliquam sit amet pulvinar ligula.</p>\r\n\r\n<p>Nunc at dapibus augue. Maecenas non massa eget odio congue auctor. Maecenas sit amet blandit lorem. Praesent pretium dui sit amet metus vulputate, cursus fringilla eros tempus. Suspendisse feugiat venenatis orci, quis elementum urna malesuada viverra. Duis malesuada nisl urna, sit amet accumsan felis tempor id. Nullam facilisis laoreet fermentum. Nunc sollicitudin bibendum condimentum. Nam sagittis dolor vel ligula fringilla, vitae scelerisque nulla eleifend. Nam et enim velit. Interdum et malesuada fames ac ante ipsum primis in faucibus. Vestibulum luctus, diam vel malesuada congue, turpis nisl imperdiet turpis, rhoncus posuere turpis magna quis felis. Sed imperdiet tempus diam, accumsan volutpat ex. In hac habitasse platea dictumst.</p>", "photo_url": "https://telegra.ph/file/3343327b7ee9d7dc34a8a.jpg"}}, {"model": "core.slide", "pk": 3, "fields": {"title_uz": "slider3", "title_ru": "slider3", "description_uz": "<p>Lorem ipsum dolor sit amet, consectetur adipiscing elit. Cras tincidunt nunc id condimentum convallis. In at lacus vel enim maximus placerat. Nulla lobortis aliquet est sed sagittis. Sed bibendum sit amet velit id tristique. Vivamus volutpat justo in erat varius varius. Curabitur magna nulla, cursus vitae blandit sed, rutrum at purus. Nunc blandit purus vel ligula semper rhoncus. Aliquam sit amet pulvinar ligula.</p>\r\n\r\n<p>Nunc at dapibus augue. Maecenas non massa eget odio congue auctor. Maecenas sit amet blandit lorem. Praesent pretium dui sit amet metus vulputate, cursus fringilla eros tempus. Suspendisse feugiat venenatis orci, quis elementum urna malesuada viverra. Duis malesuada nisl urna, sit amet accumsan felis tempor id. Nullam facilisis laoreet fermentum. Nunc sollicitudin bibendum condimentum. Nam sagittis dolor vel ligula fringilla, vitae scelerisque nulla eleifend. Nam et enim velit. Interdum et malesuada fames ac ante ipsum primis in faucibus. Vestibulum luctus, diam vel malesuada congue, turpis nisl imperdiet turpis, rhoncus posuere turpis magna quis felis. Sed imperdiet tempus diam, accumsan volutpat ex. In hac habitasse platea dictumst.</p>", "description_ru": "<p>Lorem ipsum dolor sit amet, consectetur adipiscing elit. Cras tincidunt nunc id condimentum convallis. In at lacus vel enim maximus placerat. Nulla lobortis aliquet est sed sagittis. Sed bibendum sit amet velit id tristique. Vivamus volutpat justo in erat varius varius. Curabitur magna nulla, cursus vitae blandit sed, rutrum at purus. Nunc blandit purus vel ligula semper rhoncus. Aliquam sit amet pulvinar ligula.</p>\r\n\r\n<p>Nunc at dapibus augue. Maecenas non massa eget odio congue auctor. Maecenas sit amet blandit lorem. Praesent pretium dui sit amet metus vulputate, cursus fringilla eros tempus. Suspendisse feugiat venenatis orci, quis elementum urna malesuada viverra. Duis malesuada nisl urna, sit amet accumsan felis tempor id. Nullam facilisis laoreet fermentum. Nunc sollicitudin bibendum condimentum. Nam sagittis dolor vel ligula fringilla, vitae scelerisque nulla eleifend. Nam et enim velit. Interdum et malesuada fames ac ante ipsum primis in faucibus. Vestibulum luctus, diam vel malesuada congue, turpis nisl imperdiet turpis, rhoncus posuere turpis magna quis felis. Sed imperdiet tempus diam, accumsan volutpat ex. In hac habitasse platea dictumst.</p>", "photo_url": "https://telegra.ph/file/7422bb63d2f98a7e7ff75.jpg"}}, {"model": "core.slide", "pk": 4, "fields": {"title_uz": "slider4", "title_ru": "slider4", "description_uz": "<p>Lorem ipsum dolor sit amet, consectetur adipiscing elit. Cras tincidunt nunc id condimentum convallis. In at lacus vel enim maximus placerat. Nulla lobortis aliquet est sed sagittis. Sed bibendum sit amet velit id tristique. Vivamus volutpat justo in erat varius varius. Curabitur magna nulla, cursus vitae blandit sed, rutrum at purus. Nunc blandit purus vel ligula semper rhoncus. Aliquam sit amet pulvinar ligula.</p>", "description_ru": "<p>Lorem ipsum dolor sit amet, consectetur adipiscing elit. Cras tincidunt nunc id condimentum convallis. In at lacus vel enim maximus placerat. Nulla lobortis aliquet est sed sagittis. Sed bibendum sit amet velit id tristique. Vivamus volutpat justo in erat varius varius. Curabitur magna nulla, cursus vitae blandit sed, rutrum at purus. Nunc blandit purus vel ligula semper rhoncus. Aliquam sit amet pulvinar ligula.</p>", "photo_url": "https://telegra.ph/file/33b9025cabe3a78e3fd1d.jpg"}}, {"model": "core.shortqa", "pk": 1, "fields": {"title_uz": "24/7 XIZMATI", "title_ru": "24/7 СЕРВИС", "description_uz": "<p>Kun-u tun hizmatingizdamiz! Haftada 7 kun istalgan vaqtingizda buyurtma qabul qilamiz.</p>", "description_ru": "<p>Работаем круглосуточно! Принимаем заказы в любое время суток , семь дней в неделю.</p>", "photo_url": "https://telegra.ph/file/433aa1f2de0c7a399ee4d.jpg"}}, {"model": "core.shortqa", "pk": 2, "fields": {"title_uz": "TEZ ISHLAYMIZ", "title_ru": "РАБОТАЕМ ОПЕРАТИВНО", "description_uz": "<p>Tez va samarali ishlaymiz! Qo&#39;ng&#39;iroq qiling va bugunoq biz bilan uchrashuvni amalga oshiring.</p>", "description_ru": "<p>Работаем оперативно! Перезвоним чеез 10 минут и назначим встречу уже на сегодня.</p>", "photo_url": "https://telegra.ph/file/bb3bb1fc334592616d190.jpg"}}, {"model": "core.shortqa", "pk": 3, "fields": {"title_uz": "SHARTNOMA ASOSIDA ISHLASH", "title_ru": "РАБОТА ПО ДОГОВОРУ", "description_uz": "<p>Biz mahsuloatlarimiz va xizmatlarimiz uchun sizga ma`qbul shartnoma tuzishga tayyormiz.</p>", "description_ru": "<p>Работаем по договору, к которому прилагается подробный расчет стоимости материалов и работ.</p>", "photo_url": "https://telegra.ph/file/e76fa8a0b02c1899d2308.jpg"}}, {"model": "core.shortqa", "pk": 4, "fields": {"title_uz": "OLDINDAN TO'LOVSIZ ISHLAYMIZ", "title_ru": "РАБОТАЕМ БЕЗ ПРЕДОПЛАТЫ", "description_uz": "<p>Faqat bajarilgan ishlarning natijalariga qarab va mahsulot yetkazilgandan keyin haq olamiz.</p>", "description_ru": "<p>Оплата только за результат, по актам выполненных работ. Материалы оплачиваются только по факту.</p>", "photo_url": "https://telegra.ph/file/32bd83fa1468c75fc5b14.jpg"}}, {"model": "core.shortqa", "pk": 5, "fields": {"title_uz": "HAR QANDAY QIYINCHILIKDA", "title_ru": "ЛЮБАЯ СЛОЖНОСТЬ РАБОТ", "description_uz": "<p>Biz hattoki eng qiyin va eng murakkab g&#39;oyalarni amalga oshirdan qo`rqmaymiz 500 dan ortiq ob&#39;ektlar tugatildi.</p>", "description_ru": "<p>Мы готовы воплотить в жизнь даже самые смелые идеи. За плечами более 500 выполненных объектов.</p>", "photo_url": "https://telegra.ph/file/9e73a3ecb5ab8b99e3c24.jpg"}}, {"model": "core.shortqa", "pk": 6, "fields": {"title_uz": "SIZGA MOS NARXLAR", "title_ru": "ГИБКАЯ ЦЕНОВАЯ ПОЛИТИКА", "description_uz": "<p>Biz har doim har bir mijoz bilan murosaga erishamiz va sizga eng qulay to&#39;lov tizimini va qulay narxlarni taklif qilamiz.</p>", "description_ru": "<p>Мы всегда найдем компромисс с каждым клиентом и предложим вам наиболее удобную схему оплаты.</p>", "photo_url": "https://telegra.ph/file/c9220e7569a2ee524f7e6.jpg"}}, {"model": "core.sociallink", "pk": 1, "fields": {"name_uz": "Youtube", "name_ru": "Youtube", "icon": "fa-brands fa-youtube", "link": "https://www.youtube.com/"}}, {"model": "core.sociallink", "pk": 2, "fields": {"name_uz": "Instagram", "name_ru": "Instagram", "icon": "fa-brands fa-instagram", "link": "https://www.instagram.com/"}}, {"model": "core.sociallink", "pk": 3, "fields": {"name_uz": "Telegram", "name_ru": "Telegram", "icon": "fa-brands fa-telegram", "link": "https://telegram.org/"}}, {"model": "core.sociallink", "pk": 4, "fields": {"name_uz": "Facebook", "name_ru": "Facebook", "icon": "fa-brands fa-facebook", "link": "https://www.facebook.com/"}}, {"model": "core.sociallink", "pk": 5, "fields": {"name_uz": "Twitter", "name_ru": "Twitter", "icon": "fa-brands fa-twitter", "link": "https://twitter.com/"}}, {"model": "core.sociallink", "pk": 6, "fields": {"name_uz": "Email", "name_ru": "Email", "icon": "fa fa-envelope", "link": "https://mail.google.com/"}}, {"model": "core.usefullink", "pk": 1, "fields": {"name_uz": "ASOSIY", "name_ru": "ГЛАВНАЯ", "link": null}}, {"model": "core.usefullink", "pk": 2, "fields": {"name_uz": "DEKO`ART...", "name_ru": "О КОМПАНИИ", "link": null}}, {"model": "core.usefullink", "pk": 3, "fields": {"name_uz": "YANGILIKLAR", "name_ru": "НОВОСТИ", "link": null}}, {"model": "core.usefullink", "pk": 4, "fields": {"name_uz": "MAHSULOTLAR", "name_ru": "ПРОДУКЦИЯ", "link": null}}, {"model": "core.usefullink", "pk": 5, "fields": {"name_uz": "VIDEO", "name_ru": "ВИДЕО", "link": null}}, {"model": "core.usefullink", "pk": 6, "fields": {"name_uz": "USTALAR", "name_ru": "МАСТЕРА", "link": null}}, {"model": "core.usefullink", "pk": 7, "fields": {"name_uz": "XIZMATLAR", "name_ru": "УСЛУГИ", "link": null}}, {"model": "core.usefullink", "pk": 8, "fields": {"name_uz": "BOZOR", "name_ru": "РЫНОК", "link": null}}, {"model": "core.usefullink", "pk": 9, "fields": {"name_uz": "ALOQA", "name_ru": "КОНТАКТЫ", "link": null}}, {"model": "core.contact", "pk": 1, "fields": {"type": "Address", "icon": "fa-solid fa-location-dot", "data_uz": "<p>Toshkent shahar, Bektemir tumani. Oltin ul., 184-uyda topilgan.</p>", "data_ru": "<p>Республика Узбекистан г.Ташкент, Бектемирский р-н. ул.Олтин топган 184.</p>"}}, {"model": "core.contact", "pk": 2, "fields": {"type": "Phone number", "icon": "fa-solid fa-phone", "data_uz": "<p>+998 95 198-26-66<br />\r\n+998 99 855-26-66<br />\r\n+998 99 486-26-66<br />\r\n+998 99 863-26-66</p>", "data_ru": "<p>+998 95 198-26-66<br />\r\n+998 99 855-26-66<br />\r\n+998 99 486-26-66<br />\r\n+998 99 863-26-66</p>"}}, {"model": "core.contact", "pk": 3, "fields": {"type": "Email", "icon": "fa fa-envelope", "data_uz": "<p><strong><a href=\"mailto:info@dekoart.uz\">info@dekoart.uz</a></strong></p>", "data_ru": "<p><strong><a href=\"mailto:info@dekoart.uz\">info@dekoart.uz</a></strong></p>"}}, {"model": "core.contact", "pk": 4, "fields": {"type": "Web site", "icon": "fa fa-internet-explorer", "data_uz": "<p>http://dekoart.uz/</p>", "data_ru": "<p>http://dekoart.uz/</p>"}}, {"model": "core.repairtype", "pk": 1, "fields": {"name_uz": "KOSMETIK TAMIRLASH", "name_ru": "КОСМЕТИЧЕСКИЙ РЕМОНТ", "description_uz": "<p>&quot;DEKO`ART&quot; jamoasi, nafaqat mahsulot tanlashda, balki boshlangan yoki davom ettirilayotgan har bir pardozlash holati uchun eng ma`qbul variantlarni aniqlashda kerakli yordam ko`rsata oladi. Bizning ko`magimizda ichki va tashqi makonlardagi og`ir mehnat&ndash; zavq baxsh etuvchi jarayonga aylanadi.</p>", "description_ru": "<p>Команда &laquo;ДЕКО`АРТ&raquo; может оказать необходимую поддержку не только в выборе продукции, но и в определении наиболее подходящих вариантов для каждой начатой ​​или продолженной ситуации отделки. С нашей помощью тяжелая работа в помещении и на открытом воздухе становится приятным процессом.</p>", "photo_url": "https://telegra.ph/file/f4487f8d460eb8e251baa.jpg"}}, {"model": "core.repairtype", "pk": 2, "fields": {"name_uz": "KAPITAL TAMIRLASH", "name_ru": "КАПИТАЛЬНЫЙ РЕМОНТ", "description_uz": "<p>&laquo;Dekoart&raquo; mutaxassislari, kapıtal va zamonaviy pardozlash ishlariga aloqador o`z tajribalarini barcha bilan o`rtoqlashishga tayyor. Biz har bir mahsulotimizning afzalliklari va hususiyatari, shuningdek bu mahsulotlardan to`g`ri foydalanish yollari haqida batafsil ma`lumot beramiz.</p>", "description_ru": "<p>Специалисты &laquo;Декоарт&raquo; готовы поделиться со всеми своим опытом, связанным с капитальными и современными отделочными работами. Мы предоставляем подробную информацию о преимуществах и характеристиках каждого из наших продуктов, а также способах их правильного использования.</p>", "photo_url": "https://telegra.ph/file/79ed9c3b7b7ab2a6e9193.jpg"}}, {"model": "core.aboutus", "pk": 1, "fields": {"title_uz": "KOMPANIYA HAQIDA MA`LUMOT", "title_ru": "ИНФОРМАЦИЯ О КОМПАНИИ \"DEKOART\"", "description_uz": "<p>&ldquo;DEKO`ART&rdquo; &ndash; O`zbekistonda tashqi va ichki yuzalar uchun eng zamonaviy, yuqori sifatli lok bo`yoq, devor qoplama mahsulolarti majmuasidir. Mazkur mahsulotlar 2013 yilda tashkil qilingan &ldquo;MARJON MOLDINGS&rdquo; MCHJ tomonidan ishlab chiqarilmoqda.</p>\r\n\r\n<p>INSON MANBAALARI: Kompaniyamiz, yosh bo`lishiga qaramasdan dinamik, tajribali, turli xalqaro kompaniyalarda malaka oshirgan mutaxassislardan iborat katta jamoadir. Mahsulot va xizmat sifatiga bo`lgan javobgarlik hissi har bir xodimimizda mujassam.</p>\r\n\r\n<p>SIFAT: Faoliyatimizning har birida sifat nazoratiga alohida e`tibor berilgani holda, xalqaro standartlarga javob beruvchi ISO9001 sertifikatiga egamiz.</p>\r\n\r\n<p>VAZIFAMIZ: Jamoamizning birinchi darajali vazifasi haridor va iste`molchilarni ma`mnun etishdan iborat. Bundan tashqari kompanyamizda haridorlarga konsultatif xizmat va amaliy yordam ko`rsatish tizimi hamda mohir va yosh ustalar uchun mahorat darslari tashkil qilingan. Ushu tizim va mahorat darslari, biz faoliyat olib borayotgan jo`g`rofiyadagi barcha mijozlar uchun ochiq bo`lib, mahsulotlarimizga qiziqish bildirgan har bir iste`molchi ushbu xizmat turlarimizdan foydalanishi mumkin. Bu ishlarni amalga oshirish uchun malakali usta va quruvchilar bilan hamkorlik qilib kelmoqdamiz.&nbsp;</p>\r\n\r\n<p>MAHSULOTLARIMIZ: Kompanyamizda tashqi va ichki yuzalar uchun turli qoplama mahsulotlari, bo&#39;yoq, lok, astar va boshqa tayyor mahsulotlar ishlab chiqariladi!</p>", "description_ru": "<p>ООО &quot;Marjon Moldings&quot; (Торговые бренды &laquo;Dekoart&raquo; и &quot;Marjon&quot;) основано в 2013 году. Идея ее создания появилась после пятилетнего опыта производства строительных &nbsp;материалов, а также успешной работы салонов, представляющих &nbsp;декоративные покрытия известных европейских &nbsp;производителей.&nbsp;</p>\r\n\r\n<p>В ассортимент нашей торговой марки входят самые современные и изысканные материалы.&nbsp;</p>\r\n\r\n<p>Мы занимаем &nbsp;свою нишу во всех сегментах рынка: начиная с высокопрофессиональных авторских интерьеров, заканчивая низко бюджетными тендерными объектами и демократичными ремонтами. Всем материалы изготавливаются из самого лучшего , экологически чистого сырья.&nbsp;</p>\r\n\r\n<p>Создавая новые материалы, наши специалисты &nbsp;всегда ориентируются на последние мировые тенденции в декоре и дизайне. Мы гордимся, что первыми в Узбекистане освоили производство декоративных покрытий на основе высококачественного сырья и технологий. В состав этих материалов входят только натуральные компоненты и используются старинные рецепты. Благодаря этому создана группа наших самых популярных покрытий &ndash; таких как &nbsp;GRANITTO, TRAVERTIN, KORATEX и другие. На данный момент мы работаем в направлении расширения ассортимента декоративных покрытий на основе &nbsp;натуральных компонентов.</p>\r\n\r\n<p>Нами сформирована команда специалистов-декораторов. Они постоянно проводят семинары и передают свое мастерство и опыт по нанесению наших материалов.</p>", "photo_url": "https://telegra.ph/file/832f5f8d4d8624c4153f9.jpg"}}, {"model": "core.attachment_aboutus", "pk": 1, "fields": {"about_us": 1, "name_uz": "certificates", "name_ru": "certificates", "photo_url": "https://telegra.ph/file/c00ebc7430ce50193b08f.jpg"}}, {"model": "core.attachment_aboutus", "pk": 2, "fields": {"about_us": 1, "name_uz": "certificates", "name_ru": "certificates", "photo_url": "https://telegra.ph/file/0e2c16bc6539d9e4ac787.jpg"}}, {"model": "core.attachment_aboutus", "pk": 3, "fields": {"about_us": 1, "name_uz": "certificates", "name_ru": "certificates", "photo_url": "https://telegra.ph/file/9b3760a60fe7302fedf34.jpg"}}, {"model": "core.attachment_aboutus", "pk": 4, "fields": {"about_us": 1, "name_uz": "certificates", "name_ru": "certificates", "photo_url": "https://telegra.ph/file/a138b3376b20b9955fe9c.jpg"}}, {"model": "core.attachment_aboutus", "pk": 5, "fields": {"about_us": 1, "name_uz": "certificates", "name_ru": "certificates", "photo_url": "https://telegra.ph/file/2b6c2b85c971f55878201.jpg"}}, {"model": "core.attachment_aboutus", "pk": 6, "fields": {"about_us": 1, "name_uz": "certificates", "name_ru": "certificates", "photo_url": "https://telegra.ph/file/d6fe87c9d0aad3f4c291e.jpg"}}, {"model": "core.attachment_aboutus", "pk": 7, "fields": {"about_us": 1, "name_uz": "certificates", "name_ru": "certificates", "photo_url": "https://telegra.ph/file/e26bac4c3daf25e489c57.jpg"}}, {"model": "core.attachment_aboutus", "pk": 8, "fields": {"about_us": 1, "name_uz": "certificates", "name_ru": "certificates", "photo_url": "https://telegra.ph/file/e46e5c990085e0190d0b8.jpg"}}, {"model": "core.info", "pk": 1, "fields": {"title_uz": "Kompanya haqida", "title_ru": "О компании", "description_uz": "<p>&laquo;DEKO&rsquo;ART&raquo; - Bu, markaziy Osiyoda zamonaviy, yuqori sifatli lok-bo&#39;yoq mahsulotlari, dekorativ qoplamalar va moldinglar majmuasi.</p>", "description_ru": "<p>&laquo;DEKO&rsquo;ART&raquo; - это стильные, высококачественные лакокрасочные материалы, декоративные покрытые и молдинги в Центральной Азии.</p>", "photo_url": "https://telegra.ph/file/205ad9902aa3cdfa47f53.jpg"}}, {"model": "core.attachment_info", "pk": 1, "fields": {"info": 1, "icon": "fa-brands fa-facebook"}}, {"model": "core.attachment_info", "pk": 2, "fields": {"info": 1, "icon": "fa fa-envelope"}}, {"model": "core.attachment_info", "pk": 3, "fields": {"info": 1, "icon": "fa-brands fa-youtube"}}, {"model": "core.attachment_info", "pk": 4, "fields": {"info": 1, "icon": "fa-brands fa-telegram"}}, {"model": "core.attachment_info", "pk": 5, "fields": {"info": 1, "icon": "fa-brands fa-instagram"}}, {"model": "dictionary.country", "pk": 1, "fields": {"name_uz": "O'zbekiston", "name_ru": "Узбекистан"}}, {"model": "dictionary.region", "pk": 1, "fields": {"name_uz": "Toshkent shaxri", "name_ru": "Город Ташкент", "country": 1}}, {"model": "dictionary.region", "pk": 2, "fields": {"name_uz": "Toshkent Viloyati", "name_ru": "Ташкент регион", "country": 1}}, {"model": "dictionary.region", "pk": 3, "fields": {"name_uz": "Andijon Viloyati", "name_ru": "Андижанский вилаят", "country": 1}}, {"model": "dictionary.region", "pk": 4, "fields": {"name_uz": "Farg`ona Viloyati", "name_ru": "Ферганский вилаят", "country": 1}}, {"model": "dictionary.region", "pk": 5, "fields": {"name_uz": "Namangan Viloyati", "name_ru": "Наманганский вилаят", "country": 1}}, {"model": "dictionary.region", "pk": 6, "fields": {"name_uz": "Sirdaryo Viloyati", "name_ru": "Сырдаринский вилаят", "country": 1}}, {"model": "dictionary.region", "pk": 7, "fields": {"name_uz": "Jizzah Viloyati", "name_ru": "Джизакский вилаят", "country": 1}}, {"model": "dictionary.region", "pk": 8, "fields": {"name_uz": "Samarqand Viloyati", "name_ru": "Самаркандский вилаят", "country": 1}}, {"model": "dictionary.region", "pk": 9, "fields": {"name_uz": "Navoiy Viloyati", "name_ru": "Наваинский вилаят", "country": 1}}, {"model": "dictionary.region", "pk": 10, "fields": {"name_uz": "Buxoro Viloyati", "name_ru": "Бухарский вилаят", "country": 1}}, {"model": "dictionary.region", "pk": 11, "fields": {"name_uz": "Qashqadaryo Viloyati", "name_ru": "Кашкадаринский вилаят", "country": 1}}, {"model": "dictionary.region", "pk": 12, "fields": {"name_uz": "Surxondaryo Viloyati", "name_ru": "Сурхандаринский вилаят", "country": 1}}, {"model": "dictionary.region", "pk": 13, "fields": {"name_uz": "Xorazm Viloyati", "name_ru": "Харезмский вилаят", "country": 1}}, {"model": "dictionary.region", "pk": 14, "fields": {"name_uz": "Qoraqolpog`iston Respublikasi", "name_ru": "Республика Каракалпакстан", "country": 1}}, {"model": "dictionary.district", "pk": 1, "fields": {"name_uz": "Dombirobod  qurilish bozori", "name_ru": "Строительный базар Думбирабад", "region": 1}}, {"model": "dictionary.district", "pk": 2, "fields": {"name_uz": "Qo`yliq  qurilish bozori", "name_ru": "Янгиюлский район", "region": 2}}, {"model": "dictionary.district", "pk": 3, "fields": {"name_uz": "Zangiota  tumani", "name_ru": "Зангиатинский район", "region": 2}}, {"model": "dictionary.district", "pk": 4, "fields": {"name_uz": "O`rikzor “Story Gorod” qurilish bozori", "name_ru": "Урикзор - Строй город", "region": 1}}, {"model": "dictionary.district", "pk": 5, "fields": {"name_uz": "O`rikzor  ”Gilam Bozori”", "name_ru": "Урикзор  ”Gilam Bozori”", "region": 1}}, {"model": "dictionary.district", "pk": 6, "fields": {"name_uz": "Bekto`pi  qurilish bozori", "name_ru": "Бектопи строительный базар", "region": 1}}, {"model": "dictionary.district", "pk": 7, "fields": {"name_uz": "Bekto`pi  qurilish bozori", "name_ru": "Бектопи строительный базар", "region": 1}}, {"model": "dictionary.district", "pk": 8, "fields": {"name_uz": "Jomiy qurilish bozori Usta Shirin ko`chasi", "name_ru": "Джами строительный базар  Ул. Уста Ширин", "region": 1}}, {"model": "dictionary.district", "pk": 9, "fields": {"name_uz": "Jomiy qurilish bozori Usta Shirin ko`chasi", "name_ru": "Джами строительный базар  Ул. Уста Ширин", "region": 1}}, {"model": "dictionary.district", "pk": 10, "fields": {"name_uz": "Jomiy qurilish bozori Usta Shirin ko`chasi", "name_ru": "Джами строительный базар  Ул. Уста Ширин", "region": 1}}, {"model": "dictionary.district", "pk": 11, "fields": {"name_uz": "Yunusobod Gvardeyskiy Bozori1", "name_ru": "Юнусабад Гвардейский строительный базар1", "region": 1}}, {"model": "dictionary.district", "pk": 12, "fields": {"name_uz": "Yunusobod Gvardeyskiy Bozori2", "name_ru": "Юнусабад Гвардейский строительный базар2", "region": 1}}, {"model": "dictionary.district", "pk": 13, "fields": {"name_uz": "Yangiyo`l  tumani", "name_ru": "Янгиюлский район", "region": 2}}, {"model": "dictionary.district", "pk": 14, "fields": {"name_uz": "Yangiyo`l  tumani", "name_ru": "Янгиюлский район", "region": 2}}, {"model": "dictionary.district", "pk": 15, "fields": {"name_uz": "Yangiyo`l  tumani", "name_ru": "Янгиюлский район", "region": 2}}, {"model": "dictionary.district", "pk": 16, "fields": {"name_uz": "Zangiota  tumani", "name_ru": "Zangiota  tumani", "region": 2}}, {"model": "dictionary.district", "pk": 17, "fields": {"name_uz": "Chinoz  tumani", "name_ru": "Chinoz  tumani", "region": 2}}, {"model": "dictionary.district", "pk": 18, "fields": {"name_uz": "Oqqo'rg'on  tumani", "name_ru": "Oqqo'rg'on  tumani", "region": 2}}, {"model": "dictionary.district", "pk": 19, "fields": {"name_uz": "Piskent  tumani", "name_ru": "Piskent  tumani", "region": 2}}, {"model": "dictionary.district", "pk": 20, "fields": {"name_uz": "Andijon shaxri", "name_ru": "г. Андижан", "region": 3}}, {"model": "dictionary.district", "pk": 21, "fields": {"name_uz": "Baliqchi tumani", "name_ru": "Baliqchi tumani", "region": 3}}, {"model": "dictionary.district", "pk": 22, "fields": {"name_uz": "Oltinko'l tumani", "name_ru": "Oltinko'l tumani", "region": 3}}, {"model": "dictionary.district", "pk": 23, "fields": {"name_uz": "Paxtakor tumani", "name_ru": "Paxtakor tumani", "region": 3}}, {"model": "dictionary.district", "pk": 24, "fields": {"name_uz": "Shaxrixon tumani", "name_ru": "Shaxrixon tumani", "region": 3}}, {"model": "dictionary.district", "pk": 25, "fields": {"name_uz": "Asaka tumani", "name_ru": "Asaka tumani", "region": 3}}, {"model": "dictionary.district", "pk": 26, "fields": {"name_uz": "Farg`ona", "name_ru": "Farg`ona", "region": 4}}, {"model": "dictionary.district", "pk": 27, "fields": {"name_uz": "Qo`qon shaxri", "name_ru": "г. Кукан", "region": 4}}, {"model": "dictionary.district", "pk": 28, "fields": {"name_uz": "Qo`qon shaxri", "name_ru": "г. Кукан", "region": 4}}, {"model": "dictionary.district", "pk": 29, "fields": {"name_uz": "Marg`ilon shaxri", "name_ru": "г. Маргилан", "region": 4}}, {"model": "dictionary.district", "pk": 30, "fields": {"name_uz": "Marg`ilon shaxri", "name_ru": "г. Маргилан", "region": 4}}, {"model": "dictionary.district", "pk": 31, "fields": {"name_uz": "Namangan shaxri", "name_ru": "г. Наманган", "region": 5}}, {"model": "dictionary.district", "pk": 32, "fields": {"name_uz": "Namangan shaxri", "name_ru": "г. Наманган", "region": 5}}, {"model": "dictionary.district", "pk": 33, "fields": {"name_uz": "Namangan shaxri", "name_ru": "г. Наманган", "region": 5}}, {"model": "dictionary.district", "pk": 34, "fields": {"name_uz": "Namangan shaxri", "name_ru": "г. Наманган", "region": 5}}, {"model": "dictionary.district", "pk": 35, "fields": {"name_uz": "Namangan shaxri", "name_ru": "г. Наманган", "region": 5}}, {"model": "dictionary.district", "pk": 36, "fields": {"name_uz": "Pop tumani", "name_ru": "Папский район", "region": 5}}, {"model": "dictionary.district", "pk": 37, "fields": {"name_uz": "Jizzah shaxri", "name_ru": "г. Джизак", "region": 7}}, {"model": "dictionary.district", "pk": 38, "fields": {"name_uz": "Samarqand shaxri", "name_ru": "г. Самарканд", "region": 8}}, {"model": "dictionary.district", "pk": 39, "fields": {"name_uz": "Samarqand shaxri", "name_ru": "г. Самарканд", "region": 8}}, {"model": "dictionary.district", "pk": 40, "fields": {"name_uz": "Kattaqo`rg`on shaxri", "name_ru": "г. Каттакурган", "region": 8}}, {"model": "dictionary.district", "pk": 41, "fields": {"name_uz": "Navoiy shaxri", "name_ru": "г. Наваи", "region": 9}}, {"model": "dictionary.district", "pk": 42, "fields": {"name_uz": "Buxoro shaxri", "name_ru": "г. Бухара", "region": 10}}, {"model": "dictionary.district", "pk": 43, "fields": {"name_uz": "Buxoro shaxri", "name_ru": "г. Бухара", "region": 10}}, {"model": "dictionary.district", "pk": 44, "fields": {"name_uz": "Qarshi shaxri", "name_ru": "г. Карши", "region": 11}}, {"model": "dictionary.district", "pk": 45, "fields": {"name_uz": "Shaxrisabz shaxri", "name_ru": "г. Шахрисабз", "region": 11}}, {"model": "dictionary.district", "pk": 46, "fields": {"name_uz": "Kitob tumani", "name_ru": "Китабский район", "region": 11}}, {"model": "dictionary.district", "pk": 47, "fields": {"name_uz": "Termiz shaxri", "name_ru": "г. Термиз", "region": 12}}, {"model": "dictionary.district", "pk": 48, "fields": {"name_uz": "Denov tumani", "name_ru": "Денавский район", "region": 12}}, {"model": "dictionary.district", "pk": 49, "fields": {"name_uz": "Urganch shaxri", "name_ru": "г. Ургенч", "region": 13}}, {"model": "dictionary.district", "pk": 50, "fields": {"name_uz": "Urganch", "name_ru": "г. Ургенч", "region": 13}}, {"model": "dictionary.district", "pk": 51, "fields": {"name_uz": "Xiva shaxri", "name_ru": "г. Хива", "region": 13}}, {"model": "dictionary.district", "pk": 52, "fields": {"name_uz": "Urganch", "name_ru": "г. Ургенч", "region": 13}}, {"model": "dictionary.district", "pk": 53, "fields": {"name_uz": "Urganch", "name_ru": "г. Ургенч", "region": 13}}, {"model": "dictionary.district", "pk": 54, "fields": {"name_uz": "Xiva", "name_ru": "г. Хива", "region": 13}}, {"model": "dictionary.district", "pk": 55, "fields": {"name_uz": "Xiva", "name_ru": "г. Хива", "region": 13}}, {"model": "dictionary.district", "pk": 56, "fields": {"name_uz": "To`rtko`l  tumani", "name_ru": "Турткулский район", "region": 14}}, {"model": "dictionary.district", "pk": 57, "fields": {"name_uz": "Nukus", "name_ru": "Nukus", "region": 14}}, {"model": "dictionary.shops", "pk": 5, "fields": {"district": 1, "information_uz": "<p>Dombirobod qurilish bozori 65-do'kon - Abbosxon Toshmuhamedov</p>", "information_ru": "<p>Строительный базар Думбирабад&nbsp;65ая точка /Abbosxon&nbsp;Toshmuhamedov</p>", "phone": "+998901885549", "working_hours": "09.00-18.00"}}, {"model": "dictionary.shops", "pk": 6, "fields": {"district": 2, "information_uz": "<p>Qo`yliq qurilish bozori 14-do`kon Zaxriddin Asatullaev</p>", "information_ru": "<p>Куйлюкский строительный базар 14-ая точка /&nbsp;Ulug`bek&nbsp;Asatullaev</p>", "phone": "+998997922799", "working_hours": "09.00-18.00"}}, {"model": "dictionary.shops", "pk": 7, "fields": {"district": 4, "information_uz": "<p>O`rikzor ``Story Gorod`` qurilish bozori 4-blok 4-do`kon. Hayrullo Ergashev</p>", "information_ru": "<p>Урикзор - Строй город Строительный базар4-blok&nbsp;4-ая точка.&nbsp;Hayrullo Ergashev</p>", "phone": "+998943231111", "working_hours": "09.00-18.00"}}, {"model": "dictionary.shops", "pk": 8, "fields": {"district": 5, "information_uz": "<p>O`rikzor ``Gilam Bozori`` 10- do`kon. Kozim Sodi`qxo`jayev</p>", "information_ru": "<p>O`rikzor ``Gilam Bozori`` 10- ая точка. Kozim Sodi`qxo`jayev</p>", "phone": "+998977022912", "working_hours": "09.00-18.00"}}, {"model": "dictionary.shops", "pk": 9, "fields": {"district": 6, "information_uz": "<p>Bekto`pi qurilish bozori 45-do`kon</p>\r\n\r\n<p>Bobir Mamedov</p>", "information_ru": "<p>Bekto`pi&nbsp;Строительный базар45-ая точка</p>\r\n\r\n<p>Bobir Mamedov</p>", "phone": "+998983054567", "working_hours": "09.00-18.00"}}, {"model": "dictionary.shops", "pk": 10, "fields": {"district": 7, "information_uz": "<p>Bekto`pi qurilish bozori Ixtiyor aka</p>", "information_ru": "<p>Бектопи строительный базар Ixtiyor aka</p>", "phone": "+998998638012", "working_hours": "09.00-18.00"}}, {"model": "dictionary.shops", "pk": 11, "fields": {"district": 8, "information_uz": "<p>Jomiy qurilish bozori Usta Shirin ko`chasi savdo qatori 26-do`kon Kamol va Husan</p>", "information_ru": "<p>Джами &nbsp;Строительный базар</p>\r\n\r\n<p>ул. Уста Ширин&nbsp;торговый ряд26-ая точка Jahongir Imamov</p>", "phone": "+998909128484  +998950006067", "working_hours": "09.00-18.00"}}, {"model": "dictionary.shops", "pk": 12, "fields": {"district": 9, "information_uz": "<p>Jomiy qurilish bozori Usta Shirin ko`chasi savdo qatori 21-do`kon</p>\r\n\r\n<p>Oybek Ahmedov</p>", "information_ru": "<p>Jomiy Строительный базарUsta Shirin ko`chasi торговый ряд21-ая точка</p>\r\n\r\n<p>Oybek Ahmedov</p>", "phone": "+998977045774", "working_hours": "09.00-18.00"}}, {"model": "dictionary.shops", "pk": 13, "fields": {"district": 10, "information_uz": "<p>Jomiy qurilish bozori Usta Shirin ko&#39;chasi savdo qatori 8-do&#39;kon Dilmurod Umarqulov</p>", "information_ru": "<p>Jomiy Строительный базар Usta Shirin ko&#39;chasi торговый ряд 8-ая точка Dilmurod Umarqulov</p>", "phone": "+998909100609", "working_hours": "09.00-18.00"}}, {"model": "dictionary.shops", "pk": 14, "fields": {"district": 11, "information_uz": "<p>Yunusobod Gvardeyskiy Bozori 5-qator 43-do&#39;kon / Abduvali Sadikov</p>", "information_ru": "<p>Юнусабад Гвардейский&nbsp;строительный базар 5 ряд43-ая точка /&nbsp;Abduvali&nbsp;Sadikov</p>", "phone": "+998983033092  +998983023092", "working_hours": "09.00-18.00"}}, {"model": "dictionary.shops", "pk": 15, "fields": {"district": 12, "information_uz": "<p>Yunusobod Gvardeyskiy Bozori Zoir aka</p>", "information_ru": "<p>Yunusobod Gvardeyskiy Bozori Zoir aka</p>", "phone": "+998998421700", "working_hours": "09.00-18.00"}}, {"model": "dictionary.shops", "pk": 16, "fields": {"district": 13, "information_uz": "<p>Yangiyo`l qurilish bozori Samarqand ko`chasi, Dilmurod Nuriddinov</p>", "information_ru": "<p>Янгиюлский район &nbsp;Строительный базар ул. Самаркандская /&nbsp;Dilmurod&nbsp;Nuriddinov</p>", "phone": "+998971561878", "working_hours": "09.00-18.00"}}, {"model": "dictionary.shops", "pk": 17, "fields": {"district": 15, "information_uz": "<p>Yangiyo`l qurilish bozori Samarqand ko`chasi / Ismoil Kuldashev</p>", "information_ru": "<p>Янгиюлский район Строительный базар ул. Самаркандская / Ismoil&nbsp;Kuldashev</p>", "phone": "+998998834843", "working_hours": "09.00-18.00"}}, {"model": "dictionary.shops", "pk": 18, "fields": {"district": 16, "information_uz": "<p>Erkin qurilish bozori / Abbos</p>", "information_ru": "<p>Erkin qurilish bozori / Abbos</p>", "phone": "+998990065354", "working_hours": "09.00-18.00"}}, {"model": "dictionary.shops", "pk": 19, "fields": {"district": 17, "information_uz": "<p>Chinoz qurilish bozori / Xamidullo</p>", "information_ru": "<p>Chinoz qurilish bozori / Xamidullo</p>", "phone": "+998988000888", "working_hours": "09.00-18.00"}}, {"model": "dictionary.shops", "pk": 20, "fields": {"district": 18, "information_uz": "<p>Oqqo`rg`on / Elyor</p>", "information_ru": "<p>Oqqo`rg`on / Elyor</p>", "phone": "+998998453788", "working_hours": "09.00-18.00"}}, {"model": "dictionary.shops", "pk": 21, "fields": {"district": 19, "information_uz": "<p>Piskent / Jahongir, Botir</p>", "information_ru": "<p>Piskent / Jahongir, Botir</p>", "phone": "+998972490777  +998994862666", "working_hours": "09.00-18.00"}}, {"model": "dictionary.shops", "pk": 22, "fields": {"district": 20, "information_uz": "<p>Andijon shaxri / Abdullox Abdullaev</p>", "information_ru": "<p>г.&nbsp;Андижан&nbsp;/ Abdullox Abdullaev</p>", "phone": "+998905240300", "working_hours": "09.00-18.00"}}, {"model": "dictionary.shops", "pk": 23, "fields": {"district": 21, "information_uz": "<p>Ulug`bek</p>", "information_ru": "<p>Ulug`bek</p>", "phone": "+998972732208", "working_hours": "09.00-18.00"}}, {"model": "dictionary.shops", "pk": 24, "fields": {"district": 22, "information_uz": "<p>G`ayrat aka</p>", "information_ru": "<p>G`ayrat aka</p>", "phone": "+998999062378", "working_hours": "09.00-18.00"}}, {"model": "dictionary.shops", "pk": 25, "fields": {"district": 23, "information_uz": "<p>Abror aka</p>", "information_ru": "<p>Abror aka</p>", "phone": "+998950116616", "working_hours": "09.00-18.00"}}, {"model": "dictionary.shops", "pk": 26, "fields": {"district": 24, "information_uz": "<p>Xojiakbar</p>", "information_ru": "<p>Xojiakbar</p>", "phone": "+998943878282", "working_hours": "09.00-18.00"}}, {"model": "dictionary.shops", "pk": 27, "fields": {"district": 25, "information_uz": "<p>Abdulaziz</p>", "information_ru": "<p>Abdulaziz</p>", "phone": "+998939100044", "working_hours": "09.00-18.00"}}, {"model": "dictionary.shops", "pk": 28, "fields": {"district": 26, "information_uz": "<p>Farg`ona shaxar Polsha Bozori</p>", "information_ru": "<p>г. Фергана&nbsp;Польша базар</p>", "phone": "+998932709813  +998916595168", "working_hours": "09.00-18.00"}}, {"model": "dictionary.shops", "pk": 29, "fields": {"district": 27, "information_uz": "<p>Qo`qon shaxar Furqat ko`chasi, 73 Zikrullo Abdullaev</p>", "information_ru": "<p>г. Кукан ул. Фуркат, 73</p>\r\n\r\n<p>Zikrullo&nbsp;Abdullaev</p>", "phone": "+998905655250", "working_hours": "09.00-18.00"}}, {"model": "dictionary.shops", "pk": 30, "fields": {"district": 28, "information_uz": "<p>Ulug`bek</p>", "information_ru": "<p>Ulug`bek</p>", "phone": "+998981019100", "working_hours": "09.00-18.00"}}, {"model": "dictionary.shops", "pk": 31, "fields": {"district": 29, "information_uz": "<p>Margilon shaxar B. Margiloniy 110 Akbarov Saidjalol</p>", "information_ru": "<p>г. Маргилан ул. Б. Маргиланий, 110 Akbarov&nbsp;Saidjalol</p>", "phone": "+998902779617", "working_hours": "09.00-18.00"}}, {"model": "dictionary.shops", "pk": 32, "fields": {"district": 30, "information_uz": "<p>Marg`ilon shaxri Usmon Nosir, 45 Akbarov Saidjamol</p>", "information_ru": "<p>г. Маргилан ул. усмана Насыра, 45&nbsp;Akbarov&nbsp;Saidjamol</p>", "phone": "+998982769617", "working_hours": "09.00-18.00"}}, {"model": "dictionary.shops", "pk": 33, "fields": {"district": 31, "information_uz": "<p>Lola qurilish bozori 115- do`kon Zuhriddin Hojimatov</p>", "information_ru": "<p>г. Наманган Строительный базар Лола 115- ая точка</p>\r\n\r\n<p>Zuhriddin&nbsp;Hojimatov</p>", "phone": "+998913544242  +998692286660", "working_hours": "09.00-18.00"}}, {"model": "dictionary.shops", "pk": 34, "fields": {"district": 32, "information_uz": "<p>Shamshivoy qurilish mollari bozori / Xojiakbar</p>", "information_ru": "<p>Строительный базар&nbsp;Шамсывай/ Xojiakbar</p>", "phone": "+998913607974", "working_hours": "09.00-18.00"}}, {"model": "dictionary.shops", "pk": 35, "fields": {"district": 33, "information_uz": "<p>Qurilish mollari do`koni / Avazbek</p>", "information_ru": "<p>ул. Бабуршаз, 33 Строительный магазин /&nbsp;Avazbek</p>", "phone": "+998972160044", "working_hours": "09.00-18.00"}}, {"model": "dictionary.shops", "pk": 36, "fields": {"district": 34, "information_uz": "<p>Lola qurilish bozori Obidxon</p>", "information_ru": "<p>Lola qurilish bozori Obidxon</p>", "phone": "+998996440357", "working_hours": "09.00-18.00"}}, {"model": "dictionary.shops", "pk": 37, "fields": {"district": 35, "information_uz": "<p>Shamshiboy bozori Zuxriddin</p>", "information_ru": "<p>Shamshiboy bozori Zuxriddin</p>", "phone": "+998913544242", "working_hours": "09.00-18.00"}}, {"model": "dictionary.shops", "pk": 38, "fields": {"district": 36, "information_uz": "<p>Qurilish mollari do`koni / Sharifjon</p>", "information_ru": "<p>Строительный магазин /&nbsp;Sharifjon</p>", "phone": "+998972314064", "working_hours": "09.00-18.00"}}, {"model": "dictionary.shops", "pk": 39, "fields": {"district": 37, "information_uz": "<p>Jizzah shaxri Markaz/ Ismoil</p>", "information_ru": "<p>г. Джизак&nbsp;Торговый комплекс Ором 21-ая точка / Sherzodbek</p>", "phone": "+998980000884", "working_hours": "09.00-18.00"}}, {"model": "dictionary.shops", "pk": 40, "fields": {"district": 38, "information_uz": "<p>Samarqand shaxri Guseyinova 25 Rassvet do`koni Uchqunbek Raxmatov</p>", "information_ru": "<p>г. Самарканд &nbsp;ул. Гусейнова, 25 Рассвет точка /&nbsp;Uchqunbek&nbsp;Raxmatov</p>", "phone": "+998915530222", "working_hours": "09.00-18.00"}}, {"model": "dictionary.shops", "pk": 41, "fields": {"district": 39, "information_uz": "<p>Rudakiy ko`chasi 184A / Firdavs</p>", "information_ru": "<p>Rudakiy ko`chasi 184A / Firdavs</p>", "phone": "+998945317336", "working_hours": "09.00-18.00"}}, {"model": "dictionary.shops", "pk": 42, "fields": {"district": 40, "information_uz": "<p>Kattaqo`rg`on shaxri Yangi Markaz ko`chasi, Zoyir Bobo qurilish molari do`koni / Nuriddin Hudoyberdiev</p>", "information_ru": "<p>г. Каттакурган ул. Янги Марказ&nbsp;/ Nuriddin Hudoyberdiev</p>", "phone": "+998945376660", "working_hours": "09.00-18.00"}}, {"model": "dictionary.shops", "pk": 43, "fields": {"district": 41, "information_uz": "<p>Navoiy shaxri Darxon Bozori 41-do`kon Maxliyoxon Umarova</p>", "information_ru": "<p>г. Наваи Darxon Bozori 41-ая точка Maxliyoxon Umarova</p>", "phone": "+998913307460  +998913389965", "working_hours": "09.00-18.00"}}, {"model": "dictionary.shops", "pk": 44, "fields": {"district": 42, "information_uz": "<p>Buxoro shaxri Afrasiyob ko`chasi, 1</p>\r\n\r\n<p>Holisa Ganieva - Raxmatilla</p>", "information_ru": "<p>г. Бухара ул. афрасиаб, 1</p>\r\n\r\n<p>Holisa Ganieva</p>", "phone": "+998973048900  +998973029927", "working_hours": "09.00-18.00"}}, {"model": "dictionary.shops", "pk": 45, "fields": {"district": 43, "information_uz": "<p>Betonka yo`li / Olimjon</p>", "information_ru": "<p>Betonka yo`li / Olimjon</p>", "phone": "+998934771878", "working_hours": "09.00-18.00"}}, {"model": "dictionary.shops", "pk": 46, "fields": {"district": 44, "information_uz": "<p>Qarshi shaxri Farxod Bozori 2-do&#39;kon Amanov Shoxijahon</p>", "information_ru": "<p>г.&nbsp;Карши&nbsp;Фархадский рынок&nbsp;&nbsp;2-ая точка&nbsp;/&nbsp;Amanov Shoxijahon</p>", "phone": "+998975858025  +998912629992", "working_hours": "09.00-18.00"}}, {"model": "dictionary.shops", "pk": 47, "fields": {"district": 45, "information_uz": "<p>Shaxrisabz shaxri Medkolledj yaqinida Xushvaqtov Shoxabbos</p>", "information_ru": "<p>г. Шахрисабз&nbsp;Медколледж Xushvaqtov Shoxabbos</p>", "phone": "+998973852727", "working_hours": "09.00-18.00"}}, {"model": "dictionary.shops", "pk": 48, "fields": {"district": 46, "information_uz": "<p>Raxmatillo Rajabov</p>", "information_ru": "<p>Raxmatillo Rajabov</p>", "phone": "+998919484546", "working_hours": "09.00-18.00"}}, {"model": "dictionary.shops", "pk": 49, "fields": {"district": 47, "information_uz": "<p>An Sohil qurilish bozori Javoxir Termiz Shirkati do&#39;koni /Umarxon Hamidov</p>", "information_ru": "<p>Строительный базар An Sohil&nbsp;торговая&nbsp;точка&nbsp;фирмы&nbsp;Javoxir Termiz /Umarxon Hamidov</p>", "phone": "+998915777774  +998937900202", "working_hours": "09.00-18.00"}}, {"model": "dictionary.shops", "pk": 50, "fields": {"district": 48, "information_uz": "<p>Denov tumani Mustaqillik ko&#39;chasi 83A Qurilish mollari bozori / Abduvali Toshboev</p>", "information_ru": "<p>Денавский район ул. Мустакиллик, 83A&nbsp;Строительный базар /&nbsp;Abduvali&nbsp;&nbsp;Toshboev</p>", "phone": "+998975501400", "working_hours": "09.00-18.00"}}, {"model": "dictionary.shops", "pk": 51, "fields": {"district": 49, "information_uz": "<p>Qurilish mollari do&#39;koni</p>", "information_ru": "<p>Строительный магазин&nbsp;</p>", "phone": "+998914365544", "working_hours": "09.00-18.00"}}, {"model": "dictionary.shops", "pk": 52, "fields": {"district": 50, "information_uz": "<p>Qurilish mollari do&#39;koni</p>", "information_ru": "<p>Строительный магазин</p>", "phone": "+998975115800", "working_hours": "09.00-18.00"}}, {"model": "dictionary.shops", "pk": 53, "fields": {"district": 51, "information_uz": "<p>Qurilish mollari do&#39;koni / Ravshanbek Ernazarov (Rasmiy diller)</p>", "information_ru": "<p>Строительный магазин &nbsp;&nbsp;/&nbsp;Ravshanbek&nbsp;Ernazarov&nbsp;(Rasmiy&nbsp;diller)</p>", "phone": "+998914359300", "working_hours": "09.00-18.00"}}, {"model": "dictionary.shops", "pk": 54, "fields": {"district": 52, "information_uz": "<p>Ravshanbek</p>", "information_ru": "<p>Ravshanbek&nbsp;</p>", "phone": "+998995639300", "working_hours": "09.00-18.00"}}, {"model": "dictionary.shops", "pk": 55, "fields": {"district": 53, "information_uz": "<p>Matyoqub</p>", "information_ru": "<p>Matyoqub</p>", "phone": "+998914269200", "working_hours": "09.00-18.00"}}, {"model": "dictionary.shops", "pk": 56, "fields": {"district": 54, "information_uz": "<p>Qurilish mollari do&#39;koni</p>", "information_ru": "<p>Строительный магазин&nbsp;</p>", "phone": "+998905744800", "working_hours": "09.00-18.00"}}, {"model": "dictionary.shops", "pk": 57, "fields": {"district": 55, "information_uz": "<p>Qurilish mollari do&#39;koni</p>", "information_ru": "<p>Строительный магазин&nbsp;</p>", "phone": "+998905788998", "working_hours": "09.00-18.00"}}, {"model": "dictionary.shops", "pk": 58, "fields": {"district": 56, "information_uz": "<p>To&#39;rtko&#39;l tumani Qurilish mollari do&#39;koni</p>", "information_ru": "<p>Турткулский район Строительный магазин&nbsp;</p>", "phone": "+998995044343", "working_hours": "09.00-18.00"}}, {"model": "dictionary.shops", "pk": 59, "fields": {"district": 57, "information_uz": "<p>Otabek</p>", "information_ru": "<p>Otabek</p>", "phone": "+998938648808", "working_hours": "09.00-18.00"}}, {"model": "products.category", "pk": 1, "fields": {"name_uz": "SUVLI EMULSIYA  BO'YOQLARI", "name_ru": "ВОДНАЯ ЭМУЛЬСИЯ  КРАСКИ"}}, {"model": "products.category", "pk": 2, "fields": {"name_uz": "DEKORATIV  QOPLAMALAR", "name_ru": "ДЕКОРАТИВНЫЕ  ПОКРЫТИЕ"}}, {"model": "products.category", "pk": 3, "fields": {"name_uz": "ITALIYANCHA  SUVOQLAR", "name_ru": "ИТАЛЬЯНСКИЕ  ШТУКАТУРКИ"}}, {"model": "products.category", "pk": 4, "fields": {"name_uz": "ASTAR BO'YOQ  VA LOKLAR", "name_ru": "ГРУНТОВКИ И  ЛАКИ"}}, {"model": "products.category", "pk": 5, "fields": {"name_uz": "RANGLANTIRUVCHI  MAHSULOTLAR", "name_ru": "КОЛЕРЫ"}}, {"model": "products.category", "pk": 6, "fields": {"name_uz": "EMAL VA LOKLAR", "name_ru": "ЭМАЛИ И ЛАКИ"}}, {"model": "products.category", "pk": 7, "fields": {"name_uz": "MOLDINGLAR", "name_ru": "МОЛДИНГИ"}}, {"model": "products.product", "pk": 1, "fields": {"created_at": "2023-03-04T05:00:01.876Z", "updated_at": "2023-03-28T10:17:45.619Z", "category": 1, "name_uz": "Kapital Facade", "name_ru": "Kapital Facade", "title_uz": "<p><strong>Ta`rifi:</strong> Akril kopolimer bog`lovchisi asosida, yuqori sifatli, mat, bino tashqi va ichki yuzasida oxirgi bo`yoq tabaqasi uchun.</p>", "title_ru": "<p><strong>Описание:</strong>Высококачественная матовая краска для наружных и внутренних работ с акриловыми сополимерными связующими.</p>", "views_count": 151, "coefficient": null, "photo_url": "https://telegra.ph/file/0f7c0721184082c2c1373.jpg", "video_url": "https://youtu.be/F-PCvQ3I-i4", "description_uz": "<h2 style=\"font-style:italic\"><strong>DEKOART KAPITAL FACADE - Akril asosli tashqi ishlar uchun bo&rsquo;yoq.</strong></h2>\r\n\r\n<p style=\"margin-left:0cm; margin-right:0cm\"><strong>Ta</strong><strong>&rsquo;</strong><strong>rifi:</strong>&nbsp;Akril kopolimer bog&rsquo;lovchisi asosida, yuqori sifatli, mat, bino tashqi va ichki yuzasida oxirgi bo&rsquo;yoq tabaqasi uchun.</p>\r\n\r\n<p style=\"margin-left:0cm; margin-right:0cm\"><strong>Xarakteristikasi:</strong>&nbsp;Maxsus qo&rsquo;shimchalar bilan kuchaytirilgan, yuqori qoplash va yoyilish qobiliyatiga ega uzoq muddatli, bino tashqi yuzasi bo&rsquo;yog&rsquo;idir. Havo o&rsquo;tkazish qobiliyatiga ega bo&rsquo;lganligidan yuzadagi namni tashqariga chiqaradi.</p>\r\n\r\n<p style=\"margin-left:0cm; margin-right:0cm\"><strong>Ishlatilish joylari:</strong>&nbsp;Binolarning tashqi yuzalarida, yupqa suvoq, gipskarton, beton va shunga o&rsquo;xshash yuzalarga valik yoki shyotka yordamida surkaladi.</p>\r\n\r\n<p style=\"margin-left:0cm; margin-right:0cm\"><strong>Yuzaning tayyorlanishi:</strong>&nbsp;KAPITAL FACADE ishlatiladigan yuza kir, chang, yog&rsquo; va eski bo&rsquo;yoqlardan tozalanadi, agar yoriqlar bo&rsquo;lsa to&rsquo;ldirilib quruq va toza yuza tayyorlanadi.</p>\r\n\r\n<p style=\"margin-left:0cm; margin-right:0cm\"><strong>Astar (gruntovka):</strong>&nbsp;Tayyorlangan yuzaga DEKOPRIMER (Akrilik asosli astar) ishlatiladi.</p>\r\n\r\n<p style=\"margin-left:0cm; margin-right:0cm\"><strong>Ishlatilish shakli:</strong>&nbsp;KAPITAL FA&Ccedil;ADE- 2 tabaqa qilib, 2 soat &nbsp;tanaffus bilan,+5 C o&nbsp; dan past bo&rsquo;lmagan haroratda ishlatiladi.</p>\r\n\r\n<p style=\"margin-left:0cm; margin-right:0cm\"><strong>Sarfiyat:</strong>&nbsp;Bir tabaqa surilganda: 1 kg 6-9 m2 , ikki tabaqada: 1 kg bilan 3-6 m2 maydon bo&rsquo;yaladi.</p>\r\n\r\n<p><strong>Qadoqlanishi:</strong> 4kg, 10 kg va 20 kg idishlarda.</p>\r\n\r\n<p>&nbsp;</p>\r\n\r\n<p style=\"margin-left:0cm; margin-right:0cm\"><strong>Saqlash muddati:</strong>&nbsp;Xona haroratida ochilmagan xolatda kamida 1 yil. &nbsp;</p>\r\n\r\n<p>&nbsp;</p>", "description_ru": "<h2 style=\"font-style:italic\"><strong>Усиленная акриловая краска для наружных работ.</strong></h2>\r\n\r\n<p style=\"margin-left:0cm; margin-right:0cm\"><strong>Описание:</strong>&nbsp; Высококачественная матовая краска для наружных и внутренних работ с акриловыми сополимерными связующими.</p>\r\n\r\n<p style=\"margin-left:0cm; margin-right:0cm\"><strong>Характеристика:</strong>Усилена со специальными добавками, долговечна. Kapital Facade имея высокую текучесть и покрываемую способность, выдерживает действия ультра фиолетовых лучей. Дышит, пропускает влажность наружу. Место применения : Наружные поверхности, штукатурка, гипсокартон, бетонные стены, бетонные панели и на схоже поверхности наносится валиком или кистью.</p>\r\n\r\n<p style=\"margin-left:0cm; margin-right:0cm\"><strong>Подготовка поверхности :</strong>для нанесения Kapital Facade удалить грязь, жирные пятна, инородные тела и фрагменты старой покраски. Трещины заполонить подготовить сухую и чистую поверхность.</p>\r\n\r\n<p style=\"margin-left:0cm; margin-right:0cm\"><strong>Грунтовка:</strong>&nbsp; На подготовленную поверхность применяйте грунтовку Dekoprimer.</p>\r\n\r\n<p style=\"margin-left:0cm; margin-right:0cm\"><strong>Нанесение :</strong>Kapital Facade наносится в два слоя, разбавить краску водой в соотношении 30-40% на 1-й слой, а на 2-й слой 5-10%. .промежуток между слоями 2 часа, при температуры выше 5 С.</p>\r\n\r\n<p style=\"margin-left:0cm; margin-right:0cm\"><strong>Расход:</strong>&nbsp;на один слой: 1 кг на 7-6м2, на два слоя: 1л на 4-6м2.</p>\r\n\r\n<p><strong>Срок хранения :</strong> Минимум 1 год при комнатной температуре в закрытой таре.</p>\r\n\r\n<p style=\"margin-left:0cm; margin-right:0cm\"><strong>Расфасовка :</strong>&nbsp;Пластиковые вёдра по 4кг, 10кг и 20кг. &nbsp;</p>\r\n\r\n<p style=\"margin-left:0cm; margin-right:0cm\"><strong>Время высыхания:</strong>&nbsp;До возможности прикосновения 15-20 мин. Полное высыхание &ndash; 24 часа.</p>\r\n\r\n<p>&nbsp;</p>"}}, {"model": "products.product", "pk": 2, "fields": {"created_at": "2023-03-05T11:42:47.272Z", "updated_at": "2023-03-28T05:15:24.068Z", "category": 1, "name_uz": "KAPITAL FACADE STRONG", "name_ru": "KAPITAL FACADE STRONG", "title_uz": null, "title_ru": null, "views_count": 70, "coefficient": null, "photo_url": "https://telegra.ph/file/add5d5804064b9214affa.jpg", "video_url": null, "description_uz": "<p><strong>DEKOART KAPITAL FACADE STRONG - Akril asosli tashqi ishlar uchun bo&rsquo;yoq.</strong></p>\r\n\r\n<p><strong>Ta</strong><strong>&rsquo;</strong><strong>rifi:</strong>&nbsp;Akril kopolimer bog&rsquo;lovchisi asosida, yuqori sifatli, mat, bino tashqi yuzasida oxirgi bo&rsquo;yoq tabaqasi uchun.</p>\r\n\r\n<p><strong>Xarakteristikasi:</strong>&nbsp;Maxsus qo&rsquo;shimchalar bilan kuchaytirilgan, yuqori qoplash va yoyilish qobiliyatiga ega uzoq muddatli, bino tashqi yuzasi bo&rsquo;yog&rsquo;idir. Havo o&rsquo;tkazish qobiliyatiga ega bo&rsquo;lganligidan yuzadagi namni tashqariga chiqaradi.</p>\r\n\r\n<p><strong>Ishlatilish joylari:</strong>&nbsp;Binolarning tashqi yuzalarida, yupqa suvoq, gipskarton, beton va shunga o&rsquo;xshash yuzalarga valik yoki shyotka yordamida surkaladi.</p>\r\n\r\n<p><strong>Yuzaning tayyorlanishi:</strong>&nbsp;KAPITAL FACADE STRONG ishlatiladigan yuza kir, chang, yog&rsquo; va eski bo&rsquo;yoqlardan tozalanadi, agar yoriqlar bo&rsquo;lsa to&rsquo;ldirilib quruq va toza yuza tayyorlanadi.</p>\r\n\r\n<p><strong>Astar (gruntovka):</strong>&nbsp;Tayyorlangan yuzaga DEKOPRIMER (Akrilik asosli astar) ishlatiladi.</p>\r\n\r\n<p><strong>Ishlatilish shakli:</strong>&nbsp;KAPITAL FACADE STRONG - 2 tabaqa qilib, 2 soat &nbsp;tanaffus bilan,+5 C&nbsp;o&nbsp;&nbsp;dan past bo&rsquo;lmagan haroratda ishlatiladi.</p>\r\n\r\n<p><strong>Qadoqlanishi:&nbsp;</strong>4kg. 10 kg va 20 kg. ididhlarda.</p>\r\n\r\n<p><strong>Sarfiyat:</strong>&nbsp;Bir tabaqa surilganda: 1 kg 6-9 m2&nbsp;, ikki tabaqada: 1 kg bilan 3-6 m2&nbsp;maydon bo&rsquo;yaladi.</p>\r\n\r\n<p><strong>Saqlash muddati:</strong>&nbsp;Xona haroratida ochilmagan xolatda kamida 1 yil.</p>", "description_ru": "<p><strong>DEKOART</strong><strong>&nbsp;</strong><strong>KAPITAL</strong><strong>&nbsp;</strong><strong>FACADE</strong><strong>&nbsp;- &nbsp;A</strong><strong>криловая краска для наружных работ</strong><br />\r\n<strong>Описание:</strong>&nbsp;Высококачественная матовая краска для наружных и внутренних работ с акриловыми сополимерными связующими.<br />\r\n<strong>Характеристика:</strong>&nbsp;Усилена со специальными добавками, долговечна,&nbsp;KAPITAL&nbsp;FACADE&nbsp;имея высокую текучесть и покрываемую способность, выдерживает действия ультра&nbsp;фиолетовых лучей. Дышит, пропускает влажность наружу.<br />\r\n<strong>Место применения:</strong>&nbsp;Наружные поверхности, штукатурка, гипскартон, бетонные стены, бетонные панели и на схожие поверхности наносится валиком или кистью.<br />\r\n<strong>Подготовка поверхности:</strong>&nbsp;&nbsp;Для нанесения&nbsp;KAPITAL&nbsp;FACADE&nbsp;удалить грязь, жирные пятна, инородные тела и части старой покраски. Трещины заполнить и подготовить сухую и чистую поверхность.<br />\r\n<strong>Грунтовка:</strong>&nbsp;На подготовленную поверхность&nbsp;применяйте грунтовку&nbsp;DEKOPRIMER.<br />\r\n<strong>Нанесение:</strong><strong>&nbsp;</strong>KAPITAL&nbsp;FACADE&nbsp;наносится в два слоя, разбавить краску водой в соотношении 30-40% на 1-й слой, а на 2-й слой 5-10%.&nbsp;Промежуток между слоями 2 часа, при температуры выше 5 Со.<br />\r\n<strong>Расход:&nbsp;</strong>Первый слой:&nbsp;1&nbsp;кг&nbsp;&nbsp;на&nbsp;7&nbsp;-&nbsp;9&nbsp;м2,&nbsp;&nbsp;второй&nbsp;&nbsp;&nbsp;слой: 1 л на&nbsp;&nbsp;&nbsp;4&nbsp;-&nbsp;6&nbsp;&nbsp;м2.&nbsp;<br />\r\n<strong>Срок хранения:&nbsp;</strong>Минимум<strong>&nbsp;</strong>&nbsp;1 год при комнатной температуре в закрытой таре.<br />\r\n<strong>Расфасовка:</strong>&nbsp;Пластиковые вёдра&nbsp;по 4 кг, 10 и 20 кг.<br />\r\n<strong>Время высыхания:</strong>&nbsp;До возможности прикосновения 15 - 20 мин. Полное высыхание - 24&nbsp;часа.</p>"}}, {"model": "products.product", "pk": 3, "fields": {"created_at": "2023-03-05T11:45:19.699Z", "updated_at": "2023-03-28T05:31:42.773Z", "category": 1, "name_uz": "KAPITAL UNIVERSAL", "name_ru": "KAPITAL UNIVERSAL", "title_uz": null, "title_ru": null, "views_count": 28, "coefficient": null, "photo_url": "https://telegra.ph/file/f28bd217e14b742e01ba6.jpg", "video_url": null, "description_uz": "<p><strong>DEKO&rsquo;ART KAPITAL UNIVERSAL</strong>&nbsp;-&nbsp;аkril asosli tashqi va ichki yuzalar uchun universal bo&rsquo;yoq.</p>\r\n\r\n<p><strong>Ta</strong><strong>&rsquo;</strong><strong>rifi:&nbsp;</strong>Akril kopolimer bog&rsquo;lovchisi asosida, sifatli, mat, bino tashqi va ichki yuzasida oxirgi bo&rsquo;yoq tabaqasi uchun.</p>\r\n\r\n<p><strong>Ishlatilish joylari:&nbsp;</strong>Binolarning tashqi va ichki yuzalarida, yupqasuvoq, gipskarton, beton, beton panel va shunga o&rsquo;xshash yuzalarga valik yoki shyotka yordamida surkaladi.</p>\r\n\r\n<p><strong>Yuzaning tayyorlanishi:&nbsp;</strong>DEKO&rsquo;ART KAPITAL UNIVERSAL ishlatiladigan yuza, yopishishga to&rsquo;sqinlik qiluvchi kir, chang, yog&rsquo; va eski bo&rsquo;yoqlardan tozalanadi, agar yoriqlar bo&rsquo;lsa to&rsquo;ldirilib quruq va toza yuza tayyorlanadi.</p>\r\n\r\n<p><strong>Ishlatilish shakli:&nbsp;</strong>DEKO&rsquo;ART KAPITAL UNIVERSAL 5-10% suv qo&rsquo;shilib, 5Co&nbsp;dan yuqori haroratda ishlatiladi.</p>\r\n\r\n<p><strong>Sarfiyat:&nbsp;</strong>Ikki tabaqada: 1kg bilan 3-5 m2&nbsp;yuza bo&rsquo;yaladi.</p>\r\n\r\n<p><strong>Saqlash muddati:&nbsp;</strong>xona haroratida ochilmagan xolatda kamida 1 yil.</p>\r\n\r\n<p><strong>Qadoqlanishi:&nbsp;</strong>4 kg, 10 kg va 20 kg plastik idishlarda.</p>\r\n\r\n<p><strong>Qurishi:</strong>&nbsp;30-40 daqiqadan so&rsquo;ng ushlash mumkin, to&rsquo;liq qurishi 24 soat.</p>", "description_ru": "<p>&nbsp;</p>\r\n\r\n<p><strong>DEKO&rsquo;ART&nbsp;KAPITAL&nbsp;UNIVERSAL</strong>&nbsp;- акриловая водоэмульсионная краска для экстерьера и интерьера.<strong>&nbsp;Описание:</strong>&nbsp;Качественная матовая краска с акриловыми сополимерами для наружных и внутренних работ.<br />\r\n<strong>Характеристика:</strong>&nbsp;KAPITAL&nbsp;UNIVERSAL&nbsp;имея высокую текучесть и укрываемую способность, выдерживает действия ультра&nbsp;фиолетовых лучей. Дышит, пропускает влажность наружу.<br />\r\n<strong>Место применения:</strong>&nbsp;Наружные и внутренние поверхности, штукатурка, гипсокартон, бетонные стены, бетонные панели и на схожие поверхности наносится валиком или кистью.<br />\r\n<strong>Подготовка поверхности:</strong>&nbsp;&nbsp;Для нанесения&nbsp;KAPITAL&nbsp;UNIVERSAL&nbsp;удалить грязь, жирные пятна, инородные тела и части старой покраски. Трещины заполнить и подготовить сухую и чистую поверхность.<br />\r\n<strong>Нанесение:</strong><strong>&nbsp;</strong>Наносится в два слоя, разбавив краску водой в соотношении 5-10% , при температуры выше 5 Со.<br />\r\n<strong>Расход:&nbsp;</strong>1 кг&nbsp;&nbsp;на 3&nbsp;-&nbsp;5 м2.<br />\r\n<strong>Срок хранения:&nbsp;</strong>Минимум<strong>&nbsp;</strong>&nbsp;1 год при комнатной температуре в закрытой таре.<br />\r\n<strong>Расфасовка:</strong>&nbsp;Пластиковые вёдра по 4 кг, 10 и 20 кг.<br />\r\n<strong>Время высыхания:</strong>&nbsp;До возможности прикосновения 30 - 40 мин. Полное высыхание - 24&nbsp;часа.</p>"}}, {"model": "products.product", "pk": 4, "fields": {"created_at": "2023-03-05T11:54:24.643Z", "updated_at": "2023-03-25T03:45:46.608Z", "category": 1, "name_uz": "Ranglar dunyosi", "name_ru": "Ranglar dunyosi", "title_uz": "", "title_ru": "", "views_count": 5, "coefficient": null, "photo_url": "https://telegra.ph/file/6d4f350fff0f80aad1f34.jpg", "video_url": null, "description_uz": "<p><strong>DEKOART TRAVERTIN - Tashqi va ichki yuzalar uchun dekortiv qoplama</strong></p>\r\n\r\n<p><strong>Ta&rsquo;rifi:</strong>&nbsp;Akrilik kopolimerlar asosli ishlatishga tayyor dekorativ qoplama.</p>\r\n\r\n<p><strong>Xarakteristikasi:</strong>&nbsp;Surilganida,&nbsp;travertin tabiiy tosh qoplamasiga,&nbsp;ko&rsquo;rinish xususiyatlari bo&rsquo;yicha juda o&rsquo;xshash fakturalar chiqarish mumkin.&nbsp;Uzoq muddatga chidaydigan tashqi va ichki yuzalar qoplamasi.</p>\r\n\r\n<p><strong>Ishlatilish joylari:&nbsp;</strong>Binolarning tashqi va ichki devor yuzalarining pardozi. Sement suvoq qilingan yuzalarga, beton, gips, taxta ustiga yaxshi suriladi.</p>\r\n\r\n<p><strong>Yuzalarning tayyorlanishi:&nbsp;</strong>Yog&rsquo;li<strong>&nbsp;</strong>dog&rsquo;lar, kir va begona jismlar uzoqlashtiriladi. Shishib chiqqan, do&rsquo;ppaygan va boshqa noteks yuza qismlari tekislanadi. Yoriqlar va teshiklar to&rsquo;ldiriladi. Yuza tayyorlangandan so&rsquo;ng&nbsp;<strong>DEKOPRIMER</strong>&nbsp;bo&rsquo;yoq astar suriladi.</p>\r\n\r\n<p><strong>Ishlatilishi:</strong>&nbsp;Yuzaga, astar bo&rsquo;yoq surilgandan kamida 12 soatdan keyin po&rsquo;lat andava bilan suriladi. &nbsp;Birinchi bo&rsquo;lib devorga 1,5-2 mm qalinlikda tekis suriladi va qattiq shyotka yoki mos uskuna yordamida chuqurchalar xosil qilinadi, bir oz qattiqlashgandan keyin po&rsquo;lat andava bilan silliqlanadi.&nbsp;Suvoq yetarlicha qurigandan keyin chizg&rsquo;ich bilan terilgan tosh shakli berish uchun chiziladi.<strong>&nbsp;</strong>TRAVERTIN<strong>&nbsp;t</strong>o&rsquo;liq qurishi 24 soat.</p>\r\n\r\n<p><strong>So&rsquo;ngi pardozlash:</strong>&nbsp;Shakl berilgan yuza to&rsquo;liq qurigandan keyin yuzaga valik bilan<strong><em>&nbsp;</em>DEKOLAK</strong>&nbsp;(yoki boshqa shaffof akril lok) 1:5 nisbatta suv bilan aralashtirilib<strong>&nbsp;</strong>suriladi<strong>.&nbsp;</strong>Yuza to&rsquo;liq qurigach&nbsp;<strong>DEKOCOLOR</strong>&nbsp;bo&rsquo;yog&rsquo;i surilib qurimasidan yuzadagi ortiqcha suyuqlik namlangan gubka, yoki birorbir yomshoq yuzali material bilan olib tashlanadi. Bo&rsquo;yoq tabaqasi to&rsquo;liq qurigandan keyin DEKOLAK&nbsp;&nbsp;(yoki boshqa shaffof akril lok) 1:3 nisbatda suv bilan aralashtirilib maklovitsa bilan bo&rsquo;shliq qoldirmasdan suriladi.&nbsp;&nbsp;</p>\r\n\r\n<p><strong>Sarfiyat:</strong>&nbsp;1.6-1.8 kg - 1 м2&nbsp;.</p>\r\n\r\n<p><strong>Qadoqlanishi:</strong>&nbsp;25 kg plastik idishlarda.</p>\r\n\r\n<p><strong>Saqlanish muddati</strong><strong>:</strong>&nbsp;Xona xaroratida, yopiq idishda - 1&nbsp;yil.</p>", "description_ru": "<p><strong>Декоративное покрытие для экстерьера и интерьера&nbsp;</strong><br />\r\n<strong>Описание :</strong>&nbsp;Готовые к применению на основе акриловых сополимерных смол декоративное покрытие.<br />\r\n<strong>Характеристика:</strong>&nbsp;Долговечное покрытие для экстерьера и интерьера зданий позволяющее воссоздать уникальный эффект натурального камня &ndash; травертина.<br />\r\n<strong>Места применения :</strong>&nbsp;Отделка внешних и внутренних стен зданий. Легко применяется на оштукатуренные, бетонные, гипсовые, деревянные и т.п. поверхности.&nbsp;<br />\r\n<strong>Подготовка поверхности :</strong>&nbsp;Удалить жирные пятна, грязь инородные тела. Зачистить вздутия и облупленные места. Трещины и дыры заполнить. После получения чистой, сухой и ровной поверхности нанести сначала грунтовку Dekoprimer.&nbsp;<br />\r\n<strong>Нанесение:&nbsp;</strong>Travertin &ndash; наносится стальным шпателем, минимум через 12 часов после грунтовки. Нанести равномерно на стену толщиной 1,5 &ndash; 2 мм. Для получения узорчатого покрытия формировать углубления с помощи щетки с грубым ворсом или другим удобным инструментом. Когда материал слегка подсохнет, поверхность сглаживать стальным шпателем. При этом оставить часть углублений для имитации раковин естественного травертина. Для создания эффекта каменной кладки следует расчертить поверхность с помощью рустовки. Время высыхания Travertin 24 часа.<br />\r\n<strong>Конечное декороривание:</strong>&nbsp;Для выравнивания впитывающей способности поверхности при помощи валика нанести грунтовку Dekolak разбавив её 1:5водой. Через 1-3 часа, используя краску Dekocolor, маковицей нанести сплошным слоем на поверхность. Сразу не дожидаясь высыхания, провести (через 2-3ч.) нанесите маковицей Dekolak, разбавив водой 1:3 для блеска и для большей прочности последнего слоя.&nbsp;<br />\r\n<strong>Расход:</strong>&nbsp;на 1м&sup2;:2-3 кг.&nbsp;<br />\r\n<strong>Срок хранения:</strong>&nbsp;При комнатной температуре в закрытой таре &ndash; 1 год.</p>"}}, {"model": "products.product", "pk": 5, "fields": {"created_at": "2023-03-05T11:55:30.202Z", "updated_at": "2023-03-28T05:33:25.752Z", "category": 2, "name_uz": "TRAVERTIN", "name_ru": "TRAVERTIN", "title_uz": null, "title_ru": null, "views_count": 13, "coefficient": null, "photo_url": "https://telegra.ph/file/6d4f350fff0f80aad1f34.jpg", "video_url": null, "description_uz": "<p><strong>DEKOART TRAVERTIN - Tashqi va ichki yuzalar uchun dekortiv qoplama</strong></p>\r\n\r\n<p><strong>Ta&rsquo;rifi:</strong>&nbsp;Akrilik kopolimerlar asosli ishlatishga tayyor dekorativ qoplama.</p>\r\n\r\n<p><strong>Xarakteristikasi:</strong>&nbsp;Surilganida,&nbsp;travertin tabiiy tosh qoplamasiga,&nbsp;ko&rsquo;rinish xususiyatlari bo&rsquo;yicha juda o&rsquo;xshash fakturalar chiqarish mumkin.&nbsp;Uzoq muddatga chidaydigan tashqi va ichki yuzalar qoplamasi.</p>\r\n\r\n<p><strong>Ishlatilish joylari:&nbsp;</strong>Binolarning tashqi va ichki devor yuzalarining pardozi. Sement suvoq qilingan yuzalarga, beton, gips, taxta ustiga yaxshi suriladi.</p>\r\n\r\n<p><strong>Yuzalarning tayyorlanishi:&nbsp;</strong>Yog&rsquo;li<strong>&nbsp;</strong>dog&rsquo;lar, kir va begona jismlar uzoqlashtiriladi. Shishib chiqqan, do&rsquo;ppaygan va boshqa noteks yuza qismlari tekislanadi. Yoriqlar va teshiklar to&rsquo;ldiriladi. Yuza tayyorlangandan so&rsquo;ng&nbsp;<strong>DEKOPRIMER</strong>&nbsp;bo&rsquo;yoq astar suriladi.</p>\r\n\r\n<p><strong>Ishlatilishi:</strong>&nbsp;Yuzaga, astar bo&rsquo;yoq surilgandan kamida 12 soatdan keyin po&rsquo;lat andava bilan suriladi. &nbsp;Birinchi bo&rsquo;lib devorga 1,5-2 mm qalinlikda tekis suriladi va qattiq shyotka yoki mos uskuna yordamida chuqurchalar xosil qilinadi, bir oz qattiqlashgandan keyin po&rsquo;lat andava bilan silliqlanadi.&nbsp;Suvoq yetarlicha qurigandan keyin chizg&rsquo;ich bilan terilgan tosh shakli berish uchun chiziladi.<strong>&nbsp;</strong>TRAVERTIN<strong>&nbsp;t</strong>o&rsquo;liq qurishi 24 soat.</p>\r\n\r\n<p><strong>So&rsquo;ngi pardozlash:</strong>&nbsp;Shakl berilgan yuza to&rsquo;liq qurigandan keyin yuzaga valik bilan<strong><em>&nbsp;</em>DEKOLAK</strong>&nbsp;(yoki boshqa shaffof akril lok) 1:5 nisbatta suv bilan aralashtirilib<strong>&nbsp;</strong>suriladi<strong>.&nbsp;</strong>Yuza to&rsquo;liq qurigach&nbsp;<strong>DEKOCOLOR</strong>&nbsp;bo&rsquo;yog&rsquo;i surilib qurimasidan yuzadagi ortiqcha suyuqlik namlangan gubka, yoki birorbir yomshoq yuzali material bilan olib tashlanadi. Bo&rsquo;yoq tabaqasi to&rsquo;liq qurigandan keyin DEKOLAK&nbsp;&nbsp;(yoki boshqa shaffof akril lok) 1:3 nisbatda suv bilan aralashtirilib maklovitsa bilan bo&rsquo;shliq qoldirmasdan suriladi.&nbsp;&nbsp;</p>\r\n\r\n<p><strong>Sarfiyat:</strong>&nbsp;1.6-1.8 kg - 1 м2&nbsp;.</p>\r\n\r\n<p><strong>Qadoqlanishi:</strong>&nbsp;25 kg plastik idishlarda.</p>\r\n\r\n<p><strong>Saqlanish muddati</strong><strong>:</strong>&nbsp;Xona xaroratida, yopiq idishda - 1&nbsp;yil.</p>", "description_ru": "<p><strong>Декоративное покрытие для экстерьера и интерьера&nbsp;</strong><br />\r\n<strong>Описание :</strong>&nbsp;Готовые к применению на основе акриловых сополимерных смол декоративное покрытие.<br />\r\n<strong>Характеристика:</strong>&nbsp;Долговечное покрытие для экстерьера и интерьера зданий позволяющее воссоздать уникальный эффект натурального камня &ndash; травертина.<br />\r\n<strong>Места применения :</strong>&nbsp;Отделка внешних и внутренних стен зданий. Легко применяется на оштукатуренные, бетонные, гипсовые, деревянные и т.п. поверхности.&nbsp;<br />\r\n<strong>Подготовка поверхности :</strong>&nbsp;Удалить жирные пятна, грязь инородные тела. Зачистить вздутия и облупленные места. Трещины и дыры заполнить. После получения чистой, сухой и ровной поверхности нанести сначала грунтовку Dekoprimer.&nbsp;<br />\r\n<strong>Нанесение:&nbsp;</strong>Travertin &ndash; наносится стальным шпателем, минимум через 12 часов после грунтовки. Нанести равномерно на стену толщиной 1,5 &ndash; 2 мм. Для получения узорчатого покрытия формировать углубления с помощи щетки с грубым ворсом или другим удобным инструментом. Когда материал слегка подсохнет, поверхность сглаживать стальным шпателем. При этом оставить часть углублений для имитации раковин естественного травертина. Для создания эффекта каменной кладки следует расчертить поверхность с помощью рустовки. Время высыхания Travertin 24 часа.<br />\r\n<strong>Конечное декороривание:</strong>&nbsp;Для выравнивания впитывающей способности поверхности при помощи валика нанести грунтовку Dekolak разбавив её 1:5водой. Через 1-3 часа, используя краску Dekocolor, маковицей нанести сплошным слоем на поверхность. Сразу не дожидаясь высыхания, провести (через 2-3ч.) нанесите маковицей Dekolak, разбавив водой 1:3 для блеска и для большей прочности последнего слоя.&nbsp;<br />\r\n<strong>Расход:</strong>&nbsp;на 1м&sup2;:2-3 кг.&nbsp;<br />\r\n<strong>Срок хранения:</strong>&nbsp;При комнатной температуре в закрытой таре &ndash; 1 год.</p>"}}, {"model": "products.product", "pk": 6, "fields": {"created_at": "2023-03-05T12:01:20.706Z", "updated_at": "2023-03-28T05:33:34.943Z", "category": 2, "name_uz": "TRAVERTIN MARJON", "name_ru": "TRAVERTIN MARJON", "title_uz": null, "title_ru": null, "views_count": 3, "coefficient": null, "photo_url": "https://telegra.ph/file/f90b1460c764db31e3264.jpg", "video_url": null, "description_uz": "<p><strong>MARJON TRAVERTIN - Tashqi va ichki yuzalar uchun dekortiv qoplama</strong></p>\r\n\r\n<p><strong>Ta&rsquo;rifi:</strong>&nbsp;Akrilik kopolimerlar asosli ishlatishga tayyor dekorativ qoplama.</p>\r\n\r\n<p><strong>Xarakteristikasi:</strong>&nbsp;Surilganida,&nbsp;travertin tabiiy tosh qoplamasiga,&nbsp;ko&rsquo;rinish xususiyatlari bo&rsquo;yicha juda o&rsquo;xshash fakturalar chiqarish mumkin.&nbsp;Uzoq muddatga chidaydigan tashqi va ichki yuzalar qoplamasi.</p>\r\n\r\n<p><strong>Ishlatilish joylari:&nbsp;</strong>Binolarning tashqi va ichki devor yuzalarining pardozi. Sement suvoq qilingan yuzalarga, beton, gips, taxta ustiga yaxshi suriladi.</p>\r\n\r\n<p><strong>Yuzalarning tayyorlanishi:&nbsp;</strong>Yog&rsquo;li<strong>&nbsp;</strong>dog&rsquo;lar, kir va begona jismlar uzoqlashtiriladi. Shishib chiqqan, do&rsquo;ppaygan va boshqa noteks yuza qismlari tekislanadi. Yoriqlar va teshiklar to&rsquo;ldiriladi. Yuza tayyorlangandan so&rsquo;ng&nbsp;<strong>DEKOPRIMER</strong>&nbsp;bo&rsquo;yoq astar suriladi.</p>\r\n\r\n<p><strong>Ishlatilishi:</strong>&nbsp;Yuzaga, astar bo&rsquo;yoq surilgandan kamida 12 soatdan keyin po&rsquo;lat andava bilan suriladi. &nbsp;Birinchi bo&rsquo;lib devorga 1,5-2 mm qalinlikda tekis suriladi va qattiq shyotka yoki mos uskuna yordamida chuqurchalar xosil qilinadi, bir oz qattiqlashgandan keyin po&rsquo;lat andava bilan silliqlanadi.&nbsp;Suvoq yetarlicha qurigandan keyin chizg&rsquo;ich bilan terilgan tosh shakli berish uchun chiziladi.<strong>&nbsp;</strong>TRAVERTIN<strong>&nbsp;t</strong>o&rsquo;liq qurishi 24 soat.</p>\r\n\r\n<p><strong>So&rsquo;ngi pardozlash:</strong>&nbsp;Shakl berilgan yuza to&rsquo;liq qurigandan keyin yuzaga valik bilan<strong><em>&nbsp;</em>DEKOLAK</strong>&nbsp;(yoki boshqa shaffof akril lok) 1:5 nisbatta suv bilan aralashtirilib<strong>&nbsp;</strong>suriladi<strong>.&nbsp;</strong>Yuza to&rsquo;liq qurigach&nbsp;<strong>DEKOCOLOR</strong>&nbsp;bo&rsquo;yog&rsquo;i surilib qurimasidan yuzadagi ortiqcha suyuqlik namlangan gubka, yoki birorbir yomshoq yuzali material bilan olib tashlanadi. Bo&rsquo;yoq tabaqasi to&rsquo;liq qurigandan keyin DEKOLAK&nbsp;&nbsp;(yoki boshqa shaffof akril lok) 1:3 nisbatda suv bilan aralashtirilib maklovitsa bilan bo&rsquo;shliq qoldirmasdan suriladi.&nbsp;&nbsp;</p>\r\n\r\n<p><strong>Sarfiyat:</strong>&nbsp;2-3 kg - 1 м2&nbsp;.</p>\r\n\r\n<p><strong>Qadoqlanishi:</strong>&nbsp;25 kg plastik idishlarda.</p>\r\n\r\n<p><strong>Saqlanish muddati</strong><strong>:</strong>&nbsp;Xona xaroratida, yopiq idishda - 1&nbsp;yil.&nbsp;</p>", "description_ru": "<p><strong>MARJON TRAVERTIN &ndash;&nbsp;</strong><strong>Декоративное покрытие для экстерьера и интерьера&nbsp;</strong><br />\r\n<strong>Описание:</strong>&nbsp;Готовое&nbsp;к применению, на основе акриловых сополимерных смол декоративное покрытие.<br />\r\n<strong>Характеристики:&nbsp;</strong>Долговечное покрытие для экстерьера и интерьера зданий,&nbsp;позволяющее&nbsp;&nbsp;воссоздать уникальный эффект натурального камня - травертина.<br />\r\n<strong>Места применения</strong>: Отделка внешних и внутренних стен зданий. Легко применяется на оштукатуренные, бетонные, гипсовые, деревянные и т.п. поверхности.<br />\r\n<strong>Подготовка поверхности</strong>: &nbsp;Удалить жирные пятна, грязь, инородные тела. Зачистить вздутия &nbsp; и облупленные места. Трещины и дыры заполнить. После &nbsp;получения &nbsp;чистой, &nbsp;сухой &nbsp;и &nbsp;ровной поверхности нанести сначала&nbsp;грунтовку &nbsp;<strong>DEKOPRIMER</strong><strong>.</strong><br />\r\n<strong>Нанесение</strong>:&nbsp;TRAVERTIN&nbsp;- наносится стальным шпателем, минимум через 12 часов после грунтовки. Нанести равномерно на стену толщиной 1,5-2 мм. Для получения узорчатого покрытия формировать углубления с помощи щетки с грубым ворсом или другим удобным инструментом. Когда материал слегка подсохнет, поверхность сглаживать стальным шпателем. При этом оставить часть углублений для имитации раковин естественного травертина. Для создания эффекта каменной кладки следует расчертить поверхность с помощью рустовки. Время высыхания&nbsp;TRAVERTIN&nbsp;24 часа.<br />\r\n<strong>Конечное декорирование:</strong>&nbsp;Для выравнивания впитывающей способности поверхности при помощи валика нанести грунтовку&nbsp;DEKOLAK&nbsp;&nbsp;&nbsp;разбавив её 1: 5 водой. Через 1-3 часа, используя краску&nbsp;DEKOCOLOR, маковицей нанести&nbsp;&nbsp;сплошным слоем на поверхность. Сразу, не дожидаясь высыхания , разотрите ее поролоновой губкой. После полного высыхания поверхности (через 2-3ч.) нанесите маклавицей&nbsp;DEKOLAK, разбавив водой&nbsp;&nbsp;1:3, для блеска и для большей прочности последнего слоя.<br />\r\n<strong>Расход</strong>: На 1 м2: 2-3 кг.<br />\r\n<strong>Упаковка:&nbsp;</strong>В пластиковых ведрах 25 кг.<br />\r\n<strong>Срок хранения:&nbsp;</strong>При комнатной температуре, в закрытой таре- 1 год.</p>"}}, {"model": "products.product", "pk": 7, "fields": {"created_at": "2023-03-05T12:02:22.432Z", "updated_at": "2023-03-28T05:41:18.839Z", "category": 2, "name_uz": "LEONARDO", "name_ru": "LEONARDO", "title_uz": null, "title_ru": null, "views_count": 10, "coefficient": null, "photo_url": "https://telegra.ph/file/abc89dca9d039d818a7c7.jpg", "video_url": null, "description_uz": "<p><strong>DEKO`ART LEONARDO - Tashqi va ichki yuzalar uchun dekortiv qoplama</strong><br />\r\n<strong>Ta&rsquo;rifi:</strong>&nbsp;Akrilik kopolimerlar asosli ishlatishga tayyor va tashqi muhitga chidamli dekorativ qoplama.<br />\r\n<strong>Xarakteristikasi:</strong>&nbsp;Uzoq muddatga chidaydigan tashqi va ichki yuzalar uchun dekoratif qoplama.<br />\r\n<strong>Ishlatilish joylari:&nbsp;</strong>Binolarning tashqi va ichki devor yuzalarining pardozi. Sement suvoq qilingan yuzalarga, beton, gips, taxta ustiga yaxshi suriladi.<br />\r\n<strong>Yuzalarning tayyorlanishi:&nbsp;</strong>Yog&rsquo;li<strong>&nbsp;</strong>dog&rsquo;lar, kir va begona jismlardan uzoqlashtiriladi. Shishib chiqqan, do&rsquo;ppaygan va boshqa noteks&nbsp;&nbsp;yuza qismlari tekislanadi. Yoriqlar va teshiklar to&rsquo;ldiriladi. Yuza tayyorlangandan so&rsquo;ng &ldquo;<strong>DEKOPRIMER&rdquo;</strong>&nbsp;astar bo`yog`i surib chiqiladi.<br />\r\n<strong>Ishlatilishi:</strong>&nbsp;Yuzaga, astar bo&rsquo;yoq surilgandan kamida 12 soatdan keyin po&rsquo;lat andava yoki maxsus valik yordamida&nbsp;<strong>LEONARDO</strong>&nbsp;qoplamasi suriladi. Vaqt o`tkazmasdan maxsus andava yordamida yuzaga shakl beriladi va to`liq quriguniga qadar kutiladi. Shakl berilgan yuza qumqog`oz bilan silliqlanadi. Keyin maklavitsa yoki maxsus gubka yordamida DEKOCOLOR bo`yog`i suriladi.&nbsp;&nbsp;LEONARDO qoplamsining yanada ko`rimli bo`lishi uchun yuza qurigandan keyin&nbsp;DEKOART maxsus perlomutr (Ottocento) bo`yog`i suriladi. Natijada&nbsp;&nbsp;yuza porloq ko`rinishga ega bo`ladi. Ishlov berish oxirida&nbsp;<strong>DEKOLAK</strong>&nbsp;maxsus himoya loki suriladi.<br />\r\n<strong>Sarfiyat:</strong>&nbsp;O`rtacha 1,5-2,5 kg - 1 м2&nbsp;.<br />\r\n<strong>Qadoqlanishi:</strong>&nbsp;25 kg plastik idishlarda.<br />\r\n<strong>Saqlanish muddati</strong><strong>:</strong>&nbsp;Xona xaroratida, yopiq idishda - 1&nbsp;yil.</p>", "description_ru": "<p><strong>Текстурное декоративное покрытие.</strong><br />\r\n<strong>Описание:&nbsp;</strong><strong>Deko`art Leonardo</strong>&nbsp; Готовая к применению текстурная штукатурка на основе акриловых со полимерных смол.&nbsp;<br />\r\n<strong>Характеристики:&nbsp;</strong>Декоративное покрытие для наружных и внутренних работ, которое имеет свойство прикрывать дефекты на поверхностях, обладает отличной воздухопроницаемостью, не пропускает влагу. Легко принимается, безвредно для человека и окружающей среды, экономично, долговечно. Применяя различные валики, можно создать многообразные рельефные узоры.&nbsp;<br />\r\n<strong>Место применения:</strong>&nbsp;Deko`art Leonardo&nbsp; легко принимается на оштукатуренные, бетонные, гипсовые, деревянные и т.п.поверхности.&nbsp;<br />\r\nПодготовка поверхности:&nbsp; Удалить грязь, жирные пятна, инородные тела. Зачистить вздутия и облупленные места . Трещины и дыры заполонить. После получения чистой, сухой и ровной поверхности нанести грунтовку Dekoprimer. Грунтовку рекомендуется колеровать в цвет выбранного материала Deko`art Leonardo.<br />\r\n<strong>Нанесение:</strong>&nbsp;Неразведенный&nbsp;<strong>Dek`oart Leonardo&nbsp;</strong>наносится минимум через 12 часов после грунтовки валиком или пластмассовым мастерком. Готовую массу вылить в широкий тазик и хорошо перемешать. Нанести до засыхания материала используйте специальные валики. При нанесения с краскопультом развести на 8% водой.&nbsp;<br />\r\n<strong>Расход:&nbsp;</strong>1-2 кг на 1м2.&nbsp;<br />\r\n<strong>Расфасовка</strong>: Пластиковые вёдра по 25кг.&nbsp;<br />\r\n<strong>Срок хранения:</strong>&nbsp; Минимум 1 год при комнатной температуре в закрытой таре.<br />\r\n<strong>Время высыхания:&nbsp;</strong>&nbsp;До возможности прикосновения 6 часов. Полное высыхание &ndash; 24 часа.<br />\r\n<strong>Прочие сведения:</strong>&nbsp;Не использовать ниже температуры +5С. При использовании на одной поверхности штукатурки различных цветов применяйте малярную ленту. Для получения абсолютно одинаковой по цвету поверхности используйте материал с одним и тем же производственным кодом и датой выпуска</p>"}}, {"model": "products.product", "pk": 8, "fields": {"created_at": "2023-03-05T16:22:26.599Z", "updated_at": "2023-03-27T14:26:22.406Z", "category": 2, "name_uz": "Textura", "name_ru": "Textura", "title_uz": null, "title_ru": null, "views_count": 2, "coefficient": null, "photo_url": "https://telegra.ph/file/9eda3645f0fdd2cee2633.jpg", "video_url": null, "description_uz": "<h1>DEKOART TEXTURA Teksturali fasad qoplamasi</h1>\r\n\r\n<p><strong>Ta&rsquo;rifi:</strong>&nbsp;Akrilik kopolimerlar asosli ishlatishga tayyor dekorativ qoplama.</p>\r\n\r\n<p><strong>Xarakteristikasi:</strong>&nbsp;Surilganida, qalinligi va yuza shakliga bog&rsquo;liq o&rsquo;laroq devordagi yuza kamchiliklarini berkitadi. Binoning suv sizdirishini oldini oladi. Ishlatish oson bo&rsquo;lib turli yuza shakllari chiqarish mumkin. Hidsiz, nafas oladi, insonlarga va atrof muhitga zarar bermaydi, tejamli, uzoq muddatga chidaydigan tashqi yuzalar qoplamasi.</p>\r\n\r\n<p><strong>Ishlatilish joylari:&nbsp;</strong>Binolarning tashqi va ichki devor yuzalarining pardozi. Sement suvoq qilingan yuzalarga, beton, gips, taxta ustiga yaxshi suriladi.</p>\r\n\r\n<p><strong>Yuzalarning tayyorlanishi:&nbsp;</strong>Yog&rsquo;li<strong>&nbsp;</strong>dog&rsquo;lar, kir va begona jismlar uzoqlashtiriladi. Shishib chiqqan, do&rsquo;ppaygan va boshqa noteks yuza qismlari tekislanadi. Yoriqlar va teshiklar to&rsquo;ldiriladi. Yuza tayyorlangandan so&rsquo;ng&nbsp;DEKOART TEKSTURA&nbsp;rangiga mos rang berilgan&nbsp;DEKOPRIMER&nbsp;bo&rsquo;yoq astar suriladi .</p>\r\n\r\n<p><strong>Ishlatilishi:</strong>&nbsp;Yuzaga astar bo&rsquo;yoq surilgandan kamida 12 soatdan keyin DEKOART TEKSTURA suv qo&rsquo;shmasdan, valik yoki plastik andava bilan suriladi. Tayyor massa keng tog&rsquo;oraga solinib yaxshilab aralashtiriladi. Birinchi bo&rsquo;lib devorga tekis suriladi va so&rsquo;ngra qotib qolmasidan xohlagan valik bilan shakl beriladi.&nbsp;Sepuvchi jixoz bilan ishlatilganda 8 % su bilan aralashtiriladi.</p>\r\n\r\n<p><strong>Sarfiyat</strong><strong>:</strong>&nbsp;1 - 2&nbsp;kg&nbsp;- 1&nbsp;м2&nbsp;.&nbsp;<strong>Qadoqlanishi</strong><strong>:</strong>&nbsp;25 kg plastik idishlarda.</p>\r\n\r\n<p><strong>Saqlanish muddati</strong><strong>:</strong>&nbsp;Xona xaroratida, yopiq idishda -&nbsp;1&nbsp;yil.</p>\r\n\r\n<p><strong>Qurish vaqti:&nbsp;</strong>Tegish mumkin &ndash; 6 soat. To&rsquo;liq qurishi 24 soat.</p>\r\n\r\n<p><strong>Qo&rsquo;shimcha ma&rsquo;lumotlar:</strong>&nbsp;+5Co&nbsp;dan past xaroratda ishlatilmasin.&nbsp;DEKOART TEKSTURA&nbsp;Ayni yuzada farqli ranglar ishlatilganda rang chegaralarida bo&rsquo;yoqchi lentasi ishlating. Yuzalarda ton farqi bo&rsquo;lmasligi uchun partiya raqami va ishlab chiqarilgan sanasi bir xil bo&rsquo;lishiga e&rsquo;tibor qiling.</p>", "description_ru": "<h1>DEKO`ART TEXTURA - Текстурное фасадное покрытие&nbsp;</h1>\r\n\r\n<p><strong>Описание</strong>:&nbsp;DEKO`ART&nbsp;TEKSTURA&nbsp;- Готовая к применению<em>&nbsp;</em>текстурная<em>&nbsp;</em>штукатурка на основе акриловых&nbsp;со полимерных смол.<br />\r\n<strong>Характеристики</strong>:&nbsp;Декоративное покрытие &nbsp;для наружных и внутренних работ, которое&nbsp;имеет свойство прикрывать дефекты на поверхностях,&nbsp;обладает отличной воздухопроницаемостью, не пропускает влагу. Легко применяется, безвредно для человека и окружающей среды, экономично, долговечно. Применяя различные валики, можно создать многообразные рельефные узоры.<br />\r\n<strong>Место применения</strong>:&nbsp;DEKO`ART&nbsp;TEKSTURA&nbsp;&nbsp;&nbsp;легко применяется на оштукатуренные, бетонные, гипсовые, деревянные и т.п. поверхности.<br />\r\n<strong>Подготовка поверхности</strong>: Удалить жирные пятна, грязь, инородные тела. Зачистить вздутия&nbsp;&nbsp;&nbsp;и облупленные места. Трещины и дыры заполнить. После&nbsp;&nbsp;получения&nbsp;&nbsp;&nbsp;чистой,&nbsp;&nbsp;сухой&nbsp;&nbsp;и&nbsp;&nbsp;&nbsp;ровной поверхности нанести грунтовку&nbsp;DEKOPRIMER.&nbsp;Грунтовку&nbsp;&nbsp;рекомендуется колеровать в цвет выбранного материала&nbsp;DEKO`ART&nbsp;TEKSTURA.<br />\r\n<strong>Нанесение</strong>: Неразведенный&nbsp;DEKO`ART&nbsp;TEKSTURA&nbsp;наносится минимум через 12 часов после грунтовки валиком или пластмассовым мастерком. Готовую массу вылить в широкий тазик и хорошо перемешать. Нанести равномерно на стену. Для получения узорчатого покрытия до засыхания материала используйте специальные валики. При нанесения с краскопультом развести на 8% водой.<br />\r\n<strong>Расход</strong>: 1 - 2 кг на 1 м2.<br />\r\n<strong>Расфасовка</strong>: Пластиковые вёдра по 25 кг.<br />\r\n<strong>Срок хранения</strong>: Минимум 1 год при комнатной температуре в закрытой таре.<br />\r\n<strong>Время высыхания</strong>: До возможности прикосновения&nbsp;&nbsp;&nbsp;- 6 часов. Полного высыхания&nbsp;&nbsp;&nbsp;&nbsp;-&nbsp;&nbsp;24 часа.<br />\r\n<strong>Прочие сведения</strong>: Не использовать ниже температуры +5Со. При использовании на одной поверхности штукатурки различных цветов применяйте малярную ленту. Для получения абсолютно одинаковой по цвету&nbsp;&nbsp;поверхности используйте материал с одним и тем же производственным кодом и датой выпуска.</p>"}}, {"model": "products.product", "pk": 9, "fields": {"created_at": "2023-03-05T16:24:28.451Z", "updated_at": "2023-03-17T20:01:08.367Z", "category": 2, "name_uz": "Koratex", "name_ru": "Koratex", "title_uz": null, "title_ru": null, "views_count": 1, "coefficient": null, "photo_url": "https://telegra.ph/file/1920807cf79b4c59fbbf9.jpg", "video_url": null, "description_uz": "<p><strong>KORATEX:</strong>&nbsp;Dekorativ tashqi yuzalar uchun qoplama</p>\r\n\r\n<p><strong>Ta&rsquo;rifi</strong><strong>:</strong>&nbsp;Akril asosli ishlatilishga tayyor dekorativ-ximoya suvog&rsquo;i.</p>\r\n\r\n<p><strong>Xarakteristikasi</strong><strong>:&nbsp;</strong>Tashqi muhit ta&rsquo;siriga chidamliligi bilan ajralib turadi. Nafas oladi. Suvoq qilingan va beton yuzalardagi kamchiliklarni berkitish xususuyatiga ega. &nbsp;&nbsp;&nbsp;</p>\r\n\r\n<p><strong>Ishlatilish joylari:&nbsp;</strong>Binolarning tashqi va ichki devor yuzalarining pardozi. Sement suvoq qilingan yuzalarga, beton, gips, taxta ustiga yaxshi suriladi.<strong>&nbsp;&nbsp;</strong></p>\r\n\r\n<p><strong>Yuzalarning tayyorlanishi</strong><strong>:&nbsp;</strong>Yog&rsquo;li<strong>&nbsp;</strong>dog&rsquo;lar, kir va begona jismlar uzoqlashtiriladi. Shishib chiqqan, do&rsquo;ppaygan va boshqa noteks yuza qismlari tekislanadi. Yoriqlar va teshiklar to&rsquo;ldiriladi. Yuza tayyorlangandan so&rsquo;ng munosib rang berilgan DEKOPRIMER bo&rsquo;yoq astar suriladi . Bo&rsquo;yoq astar surilgandan 24 soat so&rsquo;ngra &nbsp;KORATEX suriladi.&nbsp;</p>\r\n\r\n<p><strong>Asboblar:&nbsp;</strong>Birlamchi surish ishlari uchun po&rsquo;lat taglik andava, oxirgi shaklini berish uchun plastmassa taglik andava ishlatiladi.&nbsp;</p>\r\n\r\n<p><strong>Sarfiyat</strong><strong>:</strong>&nbsp;3-3,5&nbsp;kg&nbsp;- 1&nbsp;м2.</p>\r\n\r\n<p><strong>Saqlanish muddati</strong><strong>:</strong>&nbsp;Xona xaroratida&nbsp;1&nbsp;yil.</p>\r\n\r\n<p><strong>Qurish vaqti</strong><strong>:</strong>&nbsp;To&rsquo;liq qurishi&nbsp;24&nbsp;soat.</p>\r\n\r\n<p><strong>Qadoqlanishi</strong><strong>:</strong>&nbsp;25 kg plastik idishlarda.</p>", "description_ru": "<p>&nbsp;</p>\r\n\r\n<p><strong>KORATEX</strong><strong>:</strong>&nbsp;&nbsp;-&nbsp;<strong>Декоротивное фасадное покрытие</strong><br />\r\n<strong>Определение:</strong>&nbsp;Готовая декоративная штукатурка на акриловой основе.<br />\r\n<strong>Характеристики:&nbsp;</strong>Отличается стойкостью на воздействие окружающей среды. Дышит. Имеет свойство прикрывать дефекты на поверхностях отштукатуренных и бетонных стен.&nbsp;&nbsp;&nbsp;&nbsp;&nbsp;<br />\r\n<strong>Место применения:&nbsp;</strong>Для наружней и внутренней отделки зданий. Легко наносится на штукатуренные поверхности с цементным раствором, а также на бетонные, гипсовые, деревянные.&nbsp;<br />\r\n<strong>Подготовка поверхности:&nbsp;</strong>Удалить слои старых красок, жирные пятна, грязь, инородные тела. Зачистить&nbsp;&nbsp;&nbsp;вздутые и облупленные места. Трещины и дыры заполнить. Выровнять неровные поверхности. После подготовки поверхности, нанести грунтовку&nbsp;DEKOPRIMER&nbsp;с подходящим цветом. Наносить&nbsp;COROL&nbsp;через 24 часа после грунтовки.<br />\r\n<strong>Инструменты:&nbsp;</strong>Для первичного нанесения используется<strong>&nbsp;</strong>стальной шпатель. Для придания окончательной формы используется пластмассовый шпатель.&nbsp;<br />\r\n<strong>Расход:</strong>&nbsp;3-3,5 кг на 1 м2.<br />\r\n<strong>Срок хранения:</strong>&nbsp;1 год при комнатной температуре.<br />\r\n<strong>Высыхание:</strong>&nbsp;Полное высыхание 24 часа.<br />\r\n<strong>Упаковка:</strong>&nbsp;Пластиковые ведра по 25 кг.</p>"}}, {"model": "products.product", "pk": 10, "fields": {"created_at": "2023-03-05T16:26:18.963Z", "updated_at": "2023-03-28T10:18:23.395Z", "category": 2, "name_uz": "KORALTEX (GRANITTO)", "name_ru": "KORALTEX (GRANITTO)", "title_uz": null, "title_ru": null, "views_count": 7, "coefficient": null, "photo_url": "https://telegra.ph/file/12cb17e8e908a690ce193.jpg", "video_url": null, "description_uz": "<p><strong>DEKO`ART&nbsp;CORALTEX (Granitto)-</strong>&nbsp;Tashqi devor yuzalari va sokol uchun teksturali dekorativ qoplama.</p>\r\n\r\n<p><strong>Ta`rifi</strong>:&nbsp;DEKO`ART&nbsp;CORALTEX (Granitto) &ndash; foydalanishga tayyor Akril sopolimer saqich asosli teksturali dekoratif qoplama.</p>\r\n\r\n<p><strong>Xarakteristikasi</strong>: Tashqi va ichki yuzalar, ayniqsa binolarning sokol qismlari uchun mo`ljallangan ushbu mahsulot, mazkur yuzalarga shakl berishda (granit, tosh, g`ishtli devor va boshqa ko`rinishlarning imitatsiyasini hosil qilishda) juda qol keladi. Bundan tashqari yuzalardagi defektlarning o`rnini to`ldirish, havoni yaxshi o`tkazish, namni esa o`tkazmaslik hususiyatlariga ega. Oson suriladi, inson va atrof muhitga zarar bermaydi, tejamkor va uzoq muddatga chidamli mahsulot.&nbsp;</p>\r\n\r\n<p><strong>Ishlatilish joylari:</strong>&nbsp;DEKO`ART&nbsp;CORALTEX&nbsp;(Granitto) &ndash; suvoq qilingan, beton, gips, taxta va boshqa yuzalarga oson suriladi.</p>\r\n\r\n<p><strong>Yuzalarning tayyorlanishi:&nbsp;</strong>Yog&rsquo;li<strong>&nbsp;</strong>dog&rsquo;lar, kir va begona jismlar uzoqlashtiriladi. Shishib chiqqan, do&rsquo;ppaygan va boshqa noteks yuza qismlari tekislanadi. Yoriqlar va teshiklar to&rsquo;ldiriladi. Yuza tayyorlangandan so&rsquo;ng&nbsp;<strong>DEKOPRIMER</strong>&nbsp;bo&rsquo;yoq astar suriladi. Yer osti suvlari yaqin bo`lgan hududlardagi sokollarga DEKO`ART&nbsp;CORALTEX&nbsp;(Granitto) mahsulotini surish tavsiya qilinmaydi.&nbsp;</p>\r\n\r\n<p><strong>Qo`llanilishi:</strong>&nbsp;8 % suv aralashtirilib tayyorlangan mahsulot pulverizator yordamida sepiladi. Sarfiyat: 1 м2&nbsp;ga 2,5 &ndash; 3,5 kg.</p>\r\n\r\n<p><strong>Qadoqlanishi:&nbsp;</strong>4 va 12 kg plastik idishlarda.</p>\r\n\r\n<p><strong>Saqlanish muddati</strong><strong>:</strong>&nbsp;Xona xaroratida, yopiq idishda - 1&nbsp;yil.&nbsp;</p>\r\n\r\n<p><strong>Qurish vaqti:</strong>&nbsp;To`liq qurish muddati &ndash; 12 soat.</p>\r\n\r\n<p><strong>Qo`shimcha ma`lumotlar:</strong>&nbsp;+5Со&nbsp;dan past bo`lgan haroratda ishlatilmasin. Qoplama surilgan bir yuzaning o`zida turli ranglar ishlatish uchun pardozlash lentasidan foydalaning. Mutloq bir hil rangga ega bo`lish uchun iloji boricha bir hil sana va kodli mahsulotni ishlating.&nbsp;&nbsp;</p>", "description_ru": "<h1>DEKO`ART&nbsp;CORALTEX (Granitto)-Текстурное покрытие для фасада и цоколя</h1>\r\n\r\n<p><strong>Описание</strong>:&nbsp;DEKO`ART&nbsp;CORALTEX (Granitto) - готовое к применению<em>&nbsp;</em>декоративно<em>-</em>текстурное<em>&nbsp;</em>покрытие на основе акриловых сополимерных смол.<br />\r\n<strong>Характеристика</strong>: Декоративное покрытие для наружных и внутренних поверхностей, особенно для цоколя зданий, предоставляет широкую возможность по декорированию (имитация гранита, каменных и кирпичных стен и пр.) поверхностей. Кроме этого,&nbsp;имеет свойство прикрывать дефекты на поверхностях, обладает отличной воздухопроницаемостью, не пропускает влагу. Легко применяется, безвредно для человека и окружающей среды, экономично, долговечно.<br />\r\n<strong>Место применения</strong>:&nbsp;DEKOART&nbsp;CORALTEX&nbsp;- легко применяется на оштукатуренные, бетонные, гипсовые, деревянные и т.п. поверхности.<br />\r\n<strong>Подготовка поверхности</strong>: Удалить жирные пятна, грязь, инородные тела. Зачистить вздутия&nbsp;&nbsp;&nbsp;и облупленные места. Трещины и дыры заполнить. После&nbsp;&nbsp;получения&nbsp;&nbsp;чистой,&nbsp;&nbsp;&nbsp;сухой&nbsp;&nbsp;и&nbsp;&nbsp;ровной поверхности нанести грунтовку&nbsp;DEKOPRIMER. Не рекомендуется использовать&nbsp;DEKOART&nbsp;CORALTEX&nbsp;для цоколей зданий, близко расположенных к уровню грунтовых вод.<br />\r\n<strong>Нанесение</strong>: Нанести все слои с помощью краскопульта, разведя на 8% водой.&nbsp;<strong>Расход</strong>: 2,5 &ndash; 3,5 кг на 1 м2.<br />\r\n<strong>Расфасовка</strong>: Пластиковые вёдра по 4 кг и 25 кг.<br />\r\n<strong>Срок хранения</strong>: Минимум 1 год при комнатной температуре в закрытой таре.<br />\r\n<strong>Время высыхания</strong>: До возможности прикосновения&nbsp;&nbsp;- 6 часов. До полного высыхания&nbsp;&nbsp;&nbsp;-&nbsp;&nbsp;24 часа.<br />\r\n<strong>Прочие сведения</strong>: Не использовать ниже температуры +5Со. При использовании на одной поверхности покрытия различных цветов применяйте малярную ленту. Для получения абсолютно одинаковой по цвету&nbsp;&nbsp;поверхности используйте материал с одним и тем же производственным кодом и датой выпуска.</p>"}}, {"model": "products.product", "pk": 11, "fields": {"created_at": "2023-03-05T16:28:08.010Z", "updated_at": "2023-03-05T16:28:08.010Z", "category": 2, "name_uz": "Creos", "name_ru": "Creos", "title_uz": null, "title_ru": null, "views_count": 0, "coefficient": null, "photo_url": "https://telegra.ph/file/072be9176198e73517763.jpg", "video_url": null, "description_uz": "<p><strong>DEKO`ART CREOS - Tashqi va ichki yuzalar uchun dekortiv qoplama</strong></p>\r\n\r\n<p>&nbsp;</p>\r\n\r\n<p><strong>Ta&rsquo;rifi:</strong>&nbsp;Akrilik kopolimerlar asosli ishlatishga tayyor va tashqi muhitga chidamli dekorativ qoplama.</p>\r\n\r\n<p><strong>Xarakteristikasi:</strong>&nbsp;Uzoq muddatga chidaydigan tashqi va ichki yuzalar uchun dekoratif qoplama.</p>\r\n\r\n<p><strong>Ishlatilish joylari:&nbsp;</strong>Binolarning tashqi va ichki devor yuzalarining pardozi. Sement suvoq qilingan yuzalarga, beton, gips, taxta ustiga yaxshi suriladi.</p>\r\n\r\n<p><strong>Yuzalarning tayyorlanishi:&nbsp;</strong>Yog&rsquo;li<strong>&nbsp;</strong>dog&rsquo;lar, kir va begona jismlardan uzoqlashtiriladi. Shishib chiqqan, do&rsquo;ppaygan va boshqa noteks&nbsp;&nbsp;yuza qismlari tekislanadi. Yoriqlar va teshiklar to&rsquo;ldiriladi. Yuza tayyorlangandan so&rsquo;ng &ldquo;<strong>DEKOPRIMER&rdquo;</strong>&nbsp;astar bo`yog`i surib chiqiladi.</p>\r\n\r\n<p><strong>Ishlatilishi:</strong>&nbsp;Yuzaga, astar bo&rsquo;yoq surilgandan kamida 12 soatdan keyin po&rsquo;lat andava yoki maxsus valik yordamida&nbsp;<strong>CREOS</strong>&nbsp;qoplamasi suriladi. Vaqt o`tkazmasdan maxsus andava yordamida yuzaga shakl beriladi va to`liq quriguniga qadar kutiladi. Shakl berilgan yuza qumqog`oz bilan silliqlanadi. Keyin maklavitsa yoki maxsus gubka yordamida DEKOCOLOR bo`yog`i suriladi.&nbsp;&nbsp;<strong>CREOS</strong>&nbsp;qoplamsining yanada ko`rimli bo`lishi uchun yuza qurigandan keyin&nbsp;DEKOART maxsus perlomutr (sadaf bo`yoq) bo`yog`i suriladi. Natijada&nbsp;&nbsp;&nbsp;yuza porloq ko`rinishga ega bo`ladi. Ishlov berish oxirida&nbsp;<strong>DEKOLAK</strong>&nbsp;maxsus himoya loki suriladi.</p>\r\n\r\n<p><strong>Sarfiyat:</strong>&nbsp;O`rtacha 1,5-2,5 kg - 1 м2&nbsp;.</p>\r\n\r\n<p><strong>Qadoqlanishi:</strong>&nbsp;25 kg plastik idishlarda.</p>\r\n\r\n<p><strong>Saqlanish muddati</strong><strong>:</strong>&nbsp;Xona xaroratida, yopiq idishda - 1&nbsp;yil.&nbsp;</p>", "description_ru": "<p><strong>DEKO`ART &nbsp;CREOS&nbsp;</strong><strong>&ndash;&nbsp;</strong><strong>Декоративное покрытие для экстерьера и интерьера&nbsp;</strong></p>\r\n\r\n<p><strong>Описание:</strong>&nbsp;Устойчивое, готовое&nbsp;к применению, на основе акриловых сополимерных смол декоративное покрытие.</p>\r\n\r\n<p><strong>Характеристика: У</strong>стойчивое покрытие для экстерьера и интерьера зданий.</p>\r\n\r\n<p><strong>Места применения</strong>: Отделка внешних и внутренних стен зданий. Легко применяется на оштукатуренные, бетонные, гипсовые, деревянные и т.п. поверхности.</p>\r\n\r\n<p><strong>Подготовка поверхности</strong>: &nbsp;Удалить жирные пятна, грязь, инородные тела. Зачистить вздутия &nbsp; и облупленные места. Трещины и дыры заполнить. После &nbsp;получения &nbsp;чистой, &nbsp;сухой &nbsp;и &nbsp;ровной поверхности нанести сначала&nbsp;грунтовку &nbsp;<strong>DEKOPRIMER</strong><strong>.</strong></p>\r\n\r\n<p><strong>Нанесение</strong>:&nbsp;<strong>CREOS</strong>&nbsp;- наносится стальным шпателем или специальным валиком, минимум через 12 часов после грунтовки. Не теряя времени, с помощью кельмы (мастерок) &nbsp;на&nbsp;поверхность наносится фактура&nbsp;и оставляется до полного высыхания. &nbsp;Полученная фактура сглаживается с помощью наждачной бумаги. Потом с помощью маклавицы или специальной губки наносится специальная краска&nbsp;DEKOCOLOR. Для получения блеска покрытия&nbsp;<strong>CREOS</strong><strong>,&nbsp;</strong>после высыхания нанести специальную перламутровую краску&nbsp;DEKO`ART.<strong>&nbsp;</strong>&nbsp;В конце работы&nbsp;&nbsp;&nbsp;обработать&nbsp;защитным лаком&nbsp;DEKOLAK.</p>\r\n\r\n<p><strong>Расход</strong>: 1,5-2,5 кг. на 1 м2</p>\r\n\r\n<p><strong>Упаковка:</strong>&nbsp;25 кг. Пластиковое ведро.&nbsp;</p>\r\n\r\n<p><strong>Срок хранения:&nbsp;</strong>При комнатной температуре, в закрытой таре- 1 год.</p>"}}, {"model": "products.product", "pk": 12, "fields": {"created_at": "2023-03-05T16:30:14.398Z", "updated_at": "2023-03-28T05:31:57.244Z", "category": 3, "name_uz": "Venetto", "name_ru": "Venetto", "title_uz": null, "title_ru": null, "views_count": 13, "coefficient": null, "photo_url": "https://telegra.ph/file/6f9f2455c10b2e6e8fbd7.jpg", "video_url": null, "description_uz": "<p><strong>DEKO</strong><strong>`</strong><strong>ART VENETTO - Tashqi va ichki yuzalar uchun dekortiv qoplama</strong></p>\r\n\r\n<p><strong>VENETTO&nbsp;</strong>(Venetsiya shtukaturkasi): Natural granit va marmar teksturasini namoyon qiluvchi, rangorang dekorativ pardozlash mahsuloti.</p>\r\n\r\n<p>Uzoq muddatga chidaydigan, turli maqsadlarga mo`ljallangan tashqi va ichki yuzalar uchun dekoratif qoplama</p>\r\n\r\n<p><strong>Ishlatilish joylari:</strong></p>\r\n\r\n<p>Turli yuzalarda ishlatishga mo`ljallangan bo`lib, ayniqsa binolarning tashqi va ichki devor yuzalarining pardozi, beton, sement suvoq qilingan yuzalarga,Rim kolonnalari kabi turli me`morchilik mahsulotlarida, shuningdek,&nbsp;&nbsp;gipsokarton ustiga yaxshi suriladi.</p>\r\n\r\n<p><strong>Yuzalarning tayyorlanishi:</strong></p>\r\n\r\n<ul style=\"list-style-type:disc\">\r\n\t<li>Yog&rsquo;li<strong>&nbsp;</strong>dog&rsquo;lar, kir va begona jismlardan uzoqlashtiriladi.</li>\r\n\t<li>Yoriqlar, teshiklar&nbsp;&nbsp;to`ldiriladi, shishib chiqqan, do&rsquo;ppaygan va boshqa noteks&nbsp;&nbsp;yuza qismlari tekislanadi.</li>\r\n\t<li>Notekis yuzalar DEKO`ART LEONARDO qoplamasi yoki akril asosli shpatlevka bilan tekislanadi. Zarurat bo`lsa ushbu qatlam qumqog`oz bilan silliqlanadi va DEKO`PRIMER astar bo`yog`i surib chiqiladi.</li>\r\n</ul>\r\n\r\n<p><strong>Ishlatilishi:</strong></p>\r\n\r\n<p>Yuza tayyorlangan keyin maxsus andava yordamida&nbsp;<strong>DEKO`ART VENETTO</strong>&nbsp;suriladi. Ushbu qatlam havo sharoitiga qarab 4-5 soat davomida quritiladi. Birinchi qatlam qurishi bilan yorqin faktura hosil qilish uchun yuza fason beruvchi kichik andava yordamida bostirilib tekislanadi. &nbsp;Keyin kerakli faktura hosil qilish uchun yana fason beruvchi kichik andava yordamida ikkinchi qatlam&nbsp;<strong>DEKO`ART VENETTO&nbsp;</strong>yupqa qilib suriladi va qatlamning qurishini kutib turmasdan chapdan-o`ngga, yuqoridan &ndash; pastga va aylanma harakatlar bilan yuzaga jilo beriladi. Zarurat bo`lsa uchinchi tabaqa ham xuddi shu yo`sinda suriladi. To`liq qrish vaqti 24 soat. Yuzaning yanada porloq ko`rinishga ega bo`lishi uchun DEKOLAK yoki DEKO`ART mahsus vosk qoplamasidan foydalanish ham mumkin.&nbsp;</p>\r\n\r\n<p><strong>Texnik xarakteristikalari:</strong></p>\r\n\r\n<p><strong>Sarfiyat:</strong>&nbsp;1 Kg - O`rtacha 2.5-3.0 м2&nbsp;.</p>\r\n\r\n<p><strong>Songi pardoslashdan keyingi qurish muddati:&nbsp;</strong>Harorat va namlikka ko`ra o`rtacha 12 soat.</p>\r\n\r\n<p><strong>Ishlov berish shartlari:</strong>&nbsp;+5℃.dan past bo`lmagan harrat&nbsp;va namlik 80%dan yuqori bo`lmagan sharoitda qo`llash mumkin.</p>\r\n\r\n<p><strong>Qadoqlanishi:</strong>&nbsp;4-12 kg plastik idishlarda.</p>\r\n\r\n<p><strong>Saqlanish muddati</strong><strong>:</strong>&nbsp;Xona xaroratida, yopiq idishda &ndash; 1 yil.&nbsp;</p>", "description_ru": "<p>&nbsp;</p>\r\n\r\n<p><strong>VENETTO</strong>&nbsp;(Венецианская штукатурка )&mdash; уникальный продукт, представляющий собой многоцветное декоративно-отделочное покрытие, придающее поверхности текстуру натурального гранита и мрамора.<br />\r\nМатериал предназначен для оформления фасадов и&nbsp;интерьеров зданий различного назначения, со&nbsp;временем не&nbsp;изменяет цвет.&nbsp;<br />\r\n<strong>Места применения:</strong><br />\r\nПредназначен для нанесения на&nbsp;различные поверхности: бетон, цемент, гипсокартонные плиты. Архитектурные детали в&nbsp;стиле римских колонн, скульптуры, различные детали в&nbsp;отделке экстерьера и&nbsp;интерьера при строительстве зданий.<br />\r\n<strong>Подготовка поверхности:</strong></p>\r\n\r\n<ul style=\"list-style-type:disc\">\r\n\t<li>Поверхность должна быть очищена от&nbsp;пыли, грязи, масел и&nbsp;высушена.</li>\r\n\t<li>Все трещины и&nbsp;сколы должны быть тщательно зашпатлеваны и&nbsp;загрунтованы.</li>\r\n\t<li>Неровные поверхности следует выровнять с помощью декоративным покрытием&nbsp;DEKO`ART&nbsp;LEONARDO&nbsp;или акриловой шпатлевкой. При необходимости данный слой слегка зачистить наждачной бумагой и нанести грунтовку&nbsp;DEKO`PRIMER.&nbsp;</li>\r\n</ul>\r\n\r\n<p><strong>Нанесение:</strong><br />\r\nПосле подготовки с помощью кельмы на поверхность наносится&nbsp;<strong>DEKO</strong><strong>`</strong><strong>ART VENETTO</strong><strong>.&nbsp;</strong>Данный слой высохнет в течение 4-5 часов в зависимости погодных условий.&nbsp;&nbsp;Как только&nbsp;первый слой высохнет, для образования более яркой фактуры, поверхность полируется фасонной гладилкой&nbsp;&nbsp;с применением нажима. Затем, с целью создания фактуры,&nbsp;таким же образом, с&nbsp; помощью фасонной гладилки&nbsp;&nbsp;на поверхность&nbsp;наносится&nbsp;второй&nbsp;слой&nbsp;<strong>DEKO</strong><strong>`</strong><strong>ART VENETTO</strong>&nbsp;в форме тонкого заполнения.&nbsp; И не дожидаясь высыхания, поверхность следует тщательно отполировать путем прижимания к поверхности фасонной гладилки и совершая&nbsp;&nbsp;движения влево - вправо, вверх-вниз и круговые движения. При необходимости таким же образом наносится третий слой. Время полного высыхания 24 часов.&nbsp;&nbsp;&nbsp;Так же с целью повышения блеска сверху обработать&nbsp;DEKOLAKом или покрытием&nbsp;DEKO`ART&nbsp;воск.<br />\r\n<strong>Технические характеристики:</strong><br />\r\nРасход: 1 кг.&nbsp;&nbsp;на 2 -3 м&sup2;.<br />\r\nВремя высыхания: В течение 12&nbsp;часов в&nbsp;зависимости от&nbsp;влажности и&nbsp;температуры.<br />\r\nУсловия нанесения: Температура не ниже +5℃. Влажность не&nbsp;выше 80%.<br />\r\nРасфасовка: ,4-12 килограммовых пластиковых ведрах.<br />\r\nСрок хранения: 24 месяца в&nbsp;запечатанном виде.</p>"}}, {"model": "products.product", "pk": 13, "fields": {"created_at": "2023-03-05T16:31:59.060Z", "updated_at": "2023-03-27T11:32:59.835Z", "category": 3, "name_uz": "Vilvet", "name_ru": "Vilvet", "title_uz": null, "title_ru": null, "views_count": 17, "coefficient": null, "photo_url": "https://telegra.ph/file/74b1eedd1455de9aca28d.jpg", "video_url": null, "description_uz": "<p><strong>DEKO`ART VILVET -&nbsp;</strong>Tashqi va ichki yuzalar uchun dekortiv qoplama</p>\r\n\r\n<p><strong>DEKO`ART VILVET-&nbsp;</strong>Hushbichim va nozik qoplama, devorlaga baxmal effektli estetik ko`rinish hosil qiladi. Bu ajoyib qoplama har qanday interyerni jozibador va samimiy atmosferaga ega bo`lishini&nbsp;&nbsp;ta&#39;minlaydi.</p>\r\n\r\n<p>Mahsulot,&nbsp;&nbsp;binoning tashqi va ichki tomonlariga jozibadorlik baxsh etadi. Vaqt o&#39;tishi bilan o`z jozibasini yo`qotmaydi.&nbsp;</p>\r\n\r\n<p><strong>Ishlatilish joylari:</strong></p>\r\n\r\n<p>Qoplama, beton, sement suvoq, taxta, toshning tabiiy to&#39;qimalari bilan mukammal tarzda birlashib, ularni bir nafis interyerda namoyon bo`lishini ta`minlaydi.</p>\r\n\r\n<p><strong>Yuzalarning tayyorlanishi:</strong></p>\r\n\r\n<ul style=\"list-style-type:disc\">\r\n\t<li>Yog&rsquo;li dog&rsquo;lar, kir va begona jismlardan uzoqlashtiriladi.</li>\r\n\t<li>Yoriqlar, teshiklar&nbsp;&nbsp;&nbsp;&nbsp;&nbsp;&nbsp;&nbsp;&nbsp;to`ldiriladi, shishib chiqqan, do&rsquo;ppaygan va boshqa noteks&nbsp;&nbsp;yuza qismlari tekislanadi va akril asosli spatlevka suriladi.</li>\r\n\t<li>Akril asosli shatlevka surilgan &nbsp;yuzaga&nbsp;&nbsp;&nbsp;&nbsp;&nbsp;&nbsp;&nbsp;&nbsp;&ldquo;DEKOPRIMER&rdquo; astar bo`yog`i qoplama rangiga mos ranglantirilib surib chiqiladi. &nbsp;Astar bo`yoq 5-6 soat davomida quriganidan keyin yuza, &nbsp;<strong>DEKO`ART VILVET</strong>&nbsp;qoplamasini surish uchun&nbsp;&nbsp;tayyor holga keladi.</li>\r\n</ul>\r\n\r\n<p><strong>Ishlatilishi:</strong></p>\r\n\r\n<ol>\r\n\t<li>Tayyorlangan yuzaga DEKO`ART VILVET<strong>&nbsp;qoplqamasi maxsus andava yordamida&nbsp;</strong>yupqa qilib suriladi.</li>\r\n\t<li>Birinchi tabaqa quriganidan keyin ikkinchi tabaqa valik yordamida to`lqinsimon shalda surib chiqiladi va vaqt o`tkazmasdan mahsus andava yordamida aylanma harakatlar bilan yuzaga dekorativ ko`rinish beriladi.&nbsp;</li>\r\n</ol>\r\n\r\n<p><strong>Texnik xarakteristikalari:</strong></p>\r\n\r\n<p><strong>Sarfiyat</strong>:&nbsp;&nbsp;1 kg. - 2,0-3.0 м&sup2;</p>\r\n\r\n<p><strong>Songi pardoslashdan keyingi qurish muddati:&nbsp;</strong>Harorat va namlikka ko`ra o`rtacha 12 soat.</p>\r\n\r\n<p><strong>Ishlov berish shartlari:&nbsp;</strong>+5℃.dan past bo`lmagan haroratda&nbsp;&nbsp;va namlik 80%dan yuqori bo`lmagan sharoitda qo`llash tvsiya qilinadi.</p>\r\n\r\n<p><strong>Qadoqlanishi:&nbsp;</strong>2,5, 5 va 10 kg plastik idishlarda.</p>\r\n\r\n<p><strong>Saqlanish muddati</strong><strong>:&nbsp;</strong>Xona xaroratida, yopiq idishda &ndash; 1 yil.&nbsp;</p>", "description_ru": "<p>&nbsp;</p>\r\n\r\n<p><strong>DEKO`ART VILVET&nbsp;</strong><strong>&ndash;&nbsp;</strong><strong>Декоративное покрытие для для экстерьера и интерьера</strong><strong>.</strong><br />\r\n<strong>DEKO`ART VILVET&nbsp;</strong><strong>&ndash;&nbsp;</strong>Элегантное и изысканное покрытие, создает эстетичный вид с бархатным эффектом. Это удивительное покрытие способно придать любому интерьеру уютную и теплую атмосферу.&nbsp;Материал&nbsp;передаст любому интерьеру&nbsp;превлекательный вид&nbsp;и со&nbsp;временем не&nbsp;изменяет цвет.&nbsp;<br />\r\n<strong>Места применения:&nbsp;</strong>Покрытие идеально сочетается с натуральными фактурами дерева, камня, соединяет их в единый изысканный интерьер.<strong>&nbsp;</strong><br />\r\n<strong>Подготовка поверхности:</strong></p>\r\n\r\n<ul>\r\n\t<li>Поверхность должна быть очищена от&nbsp;пыли, грязи, масел и&nbsp;высушена.</li>\r\n\t<li>Все трещины и&nbsp;сколы должны быть тщательно зашпатлеваны и&nbsp;загрунтованы.</li>\r\n\t<li>Обработать шпаклеванную поверхность грунтовкой глубокого проникновения&nbsp;DEKOPRIMER, одинакового цвета.&nbsp;&nbsp;Грунтовка должна высохнет в течение 5-6 часов.</li>\r\n</ul>\r\n\r\n<p><strong>Применение:</strong></p>\r\n\r\n<ol start=\"1\" style=\"list-style-type:decimal\">\r\n\t<li>После подготовки поверхности,&nbsp;&nbsp;<strong>DEKO`ART VILVET</strong>&nbsp;тонким слоем наносится с помщью специальной мальки.</li>\r\n\t<li>После засыхания первого слоя, второй слой наносится валиком и не теряя времени с помощью специальной мальки&nbsp;&nbsp;круговыми движениями придается необходимая фактура.</li>\r\n</ol>\r\n\r\n<p><strong>Расход:</strong>&nbsp;1 кг. на 2,0- 3,0 м&sup2;.<br />\r\n<strong>Время высыхания:</strong>&nbsp;В течение 12&nbsp;часов в&nbsp;зависимости от&nbsp;влажности и&nbsp;температуры.<br />\r\n<strong>Условия нанесения:</strong>&nbsp;Температура не ниже +5℃. Влажность не&nbsp;выше 80%.<br />\r\n<strong>Расфасовка:&nbsp;</strong>по&nbsp;2,5,&nbsp;5&nbsp;и&nbsp;10 кг пластиковых ведрах.<br />\r\n<strong>Срок хранения:</strong>&nbsp;При комнатной температуре 1 год в&nbsp;запечатанном виде.</p>"}}, {"model": "products.product", "pk": 14, "fields": {"created_at": "2023-03-05T16:34:16.884Z", "updated_at": "2023-03-22T08:37:52.108Z", "category": 3, "name_uz": "Sadaf", "name_ru": "Sadaf", "title_uz": null, "title_ru": null, "views_count": 19, "coefficient": null, "photo_url": "https://telegra.ph/file/f453814b36a062248d1eb.jpg", "video_url": "https://youtu.be/3K1A3vvBgIg", "description_uz": "<p><strong>DEKO</strong><strong>`</strong><strong>ART SADAF - Tashqi va ichki yuzalar uchun dekortiv qoplama</strong></p>\r\n\r\n<p><strong>DEKO`ART SADAF -</strong>&nbsp;Natural granit va marmar teksturasini namoyon qiluvchi, rangorang dekorativ pardozlash mahsuloti.</p>\r\n\r\n<p>Uzoq muddatga chidaydigan, turli maqsadlarga mo`ljallangan tashqi va ichki yuzalar uchun dekoratif qoplama</p>\r\n\r\n<p><strong>Ishlatilish joylari:</strong></p>\r\n\r\n<p>Turli yuzalarda ishlatishga mo`ljallangan bo`lib, ayniqsa binolarning tashqi va ichki devor yuzalarining pardozi, beton, sement suvoq qilingan yuzalarga,Rim kolonnalari kabi turli me`morchilik mahsulotlarida, shuningdek,&nbsp;&nbsp;gipsokarton ustiga yaxshi suriladi.</p>\r\n\r\n<p><strong>Yuzalarning tayyorlanishi:</strong></p>\r\n\r\n<ul style=\"list-style-type:disc\">\r\n\t<li>Yog&rsquo;li<strong>&nbsp;</strong>dog&rsquo;lar, kir va begona jismlardan uzoqlashtiriladi.</li>\r\n\t<li>Yoriqlar, teshiklar&nbsp;&nbsp;to`ldiriladi, shishib chiqqan, do&rsquo;ppaygan va boshqa noteks&nbsp;&nbsp;yuza qismlari tekislanadi.</li>\r\n\t<li>Notekis yuzalar DEKO`ART LEONARDO qoplamasi yoki akril asosli shpatlevka bilan tekislanadi. Zarurat bo`lsa ushbu qatlam qumqog`oz bilan silliqlanadi va DEKO`PRIMER astar bo`yog`i surib chiqiladi.</li>\r\n</ul>\r\n\r\n<p><strong>Ishlatilishi:</strong></p>\r\n\r\n<p>Yuza tayyorlangan keyin maxsus andava yordamida&nbsp;<strong>DEKO`ART SADAF</strong>&nbsp;suriladi. Ushbu qatlam havo sharoitiga qarab 4-5 soat davomida quritiladi. Birinchi qatlam qurishi bilan yorqin faktura hosil qilish uchun yuza fason beruvchi kichik andava yordamida bostirilib tekislanadi. &nbsp;Keyin kerakli faktura hosil qilish uchun yana fason beruvchi kichik andava yordamida ikkinchi qatlam&nbsp;<strong>DEKO`ART SADAF&nbsp;</strong>yupqa qilib suriladi va qatlamning qurishini kutib turmasdan chapdan-o`ngga, yuqoridan &ndash; pastga va aylanma harakatlar bilan yuzaga jilo beriladi. Zarurat bo`lsa uchinchi tabaqa ham xuddi shu yo`sinda suriladi. To`liq qrish vaqti 24 soat. Yuzaning yanada porloq ko`rinishga ega bo`lishi uchun DEKOLAK yoki DEKO`ART mahsus vosk qoplamasidan foydalanish ham mumkin.&nbsp;</p>\r\n\r\n<p><strong>Texnik xarakteristikalari:</strong></p>\r\n\r\n<p><strong>Sarfiyat:</strong>&nbsp;1 Kg - O`rtacha 2.0-3.0 м2&nbsp;.</p>\r\n\r\n<p><strong>Songi pardoslashdan keyingi qurish muddati:&nbsp;</strong>Harorat va namlikka ko`ra o`rtacha 12 soat.</p>\r\n\r\n<p><strong>Ishlov berish shartlari:</strong>&nbsp;+5℃.dan past bo`lmagan harrat&nbsp;va namlik 80%dan yuqori bo`lmagan sharoitda qo`llash mumkin.</p>\r\n\r\n<p><strong>Qadoqlanishi:</strong>&nbsp;4-12 kg plastik idishlarda.</p>\r\n\r\n<p><strong>Saqlanish muddati</strong><strong>:</strong>&nbsp;Xona xaroratida, yopiq idishda &ndash; 1 yil.&nbsp;</p>", "description_ru": "<p>&nbsp;</p>\r\n\r\n<p><strong>DEKO`ART SADAF&nbsp;</strong>&mdash; уникальный продукт, представляющий собой многоцветное декоративно-отделочное покрытие, придающее поверхности текстуру натурального гранита и мрамора.<br />\r\nМатериал предназначен для оформления фасадов и&nbsp;интерьеров зданий различного назначения, со&nbsp;временем не&nbsp;изменяет цвет.&nbsp;<br />\r\n<strong>Места применения:</strong><br />\r\nПредназначен для нанесения на&nbsp;различные поверхности: бетон, цемент, гипсокартонные плиты. Архитектурные детали в&nbsp;стиле римских колонн, скульптуры, различные детали в&nbsp;отделке экстерьера и&nbsp;интерьера при строительстве зданий.<br />\r\n<strong>Подготовка поверхности:</strong></p>\r\n\r\n<ul style=\"list-style-type:disc\">\r\n\t<li>Поверхность должна быть очищена от&nbsp;пыли, грязи, масел и&nbsp;высушена.</li>\r\n\t<li>Все трещины и&nbsp;сколы должны быть тщательно зашпатлеваны и&nbsp;загрунтованы.</li>\r\n\t<li>Неровные поверхности следует выровнять с помощью декоративным покрытием&nbsp;DEKO`ART&nbsp;LEONARDO&nbsp;или акриловой шпатлевкой. При необходимости данный слой слегка зачистить наждачной бумагой и нанести грунтовку&nbsp;DEKO`PRIMER.&nbsp;</li>\r\n</ul>\r\n\r\n<p><strong>Нанесение:</strong><br />\r\nПосле подготовки с помощью кельмы на поверхность наносится&nbsp;<strong>DEKO</strong><strong>`</strong><strong>ART SADAF</strong><strong>.&nbsp;</strong>Данный слой высохнет в течение 4-5 часов в зависимости погодных условий.&nbsp;&nbsp;Как только&nbsp;первый слой высохнет, для образования более яркой фактуры, поверхность полируется фасонной гладилкой&nbsp;&nbsp;с применением нажима. Затем, с целью создания фактуры,&nbsp;таким же образом, с&nbsp; помощью фасонной гладилки&nbsp;&nbsp;на поверхность&nbsp;наносится&nbsp;второй&nbsp;слой&nbsp;<strong>DEKO</strong><strong>`</strong><strong>ART SADAF</strong>&nbsp;в форме тонкого заполнения.&nbsp; И не дожидаясь высыхания, поверхность следует тщательно отполировать путем прижимания к поверхности фасонной гладилки и совершая&nbsp;&nbsp;движения влево - вправо, вверх-вниз и круговые движения. При необходимости таким же образом наносится третий слой. Время полного высыхания 24 часов. Так же для повышения блеска сверху обработать&nbsp;DEKOLAKом или покрытием&nbsp;DEKO`ART&nbsp;воск.<br />\r\n<strong>Технические характеристики:</strong><br />\r\nРасход: 1 кг.&nbsp;&nbsp;на 2 -3 м&sup2;.<br />\r\nВремя высыхания: В течение 12&nbsp;часов в&nbsp;зависимости от&nbsp;влажности и&nbsp;температуры.<br />\r\nУсловия нанесения: Температура не ниже +5℃. Влажность не&nbsp;выше 80%.<br />\r\nРасфасовка: ,4-12 килограммовых пластиковых ведрах.<br />\r\nСрок хранения: 24 месяца в&nbsp;запечатанном виде.</p>"}}, {"model": "products.product", "pk": 15, "fields": {"created_at": "2023-03-05T16:37:16.868Z", "updated_at": "2023-03-28T10:42:29.562Z", "category": 3, "name_uz": "DEKO`CENTO (PERLAMUTR)", "name_ru": "DEKO`CENTO (PERLAMUTR)", "title_uz": "<p><strong>DEKO`CENTO (PERLAMUTR)-&nbsp;</strong>Hushbichim va nozik qoplama, devorlaga baxmal effektli estetik ko`rinish hosil qiladi. Bu ajoyib qoplama har qanday interyerni jozibador va samimiy atmosferaga ega bo`lishini&nbsp;&nbsp;ta&#39;minlaydi.</p>", "title_ru": "<p><strong>DEKO`CENTO (PERLAMUTR)-&nbsp;</strong>Hushbichim va nozik qoplama, devorlaga baxmal effektli estetik ko`rinish hosil qiladi. Bu ajoyib qoplama har qanday interyerni jozibador va samimiy atmosferaga ega bo`lishini&nbsp;&nbsp;ta&#39;minlaydi.</p>", "views_count": 401, "coefficient": null, "photo_url": "https://telegra.ph/file/c01390e2875e4ff97d15b.jpg", "video_url": "https://youtu.be/3K1A3vvBgIg", "description_uz": "<p><strong>DEKO`CENTO (PERLAMUTR) -&nbsp;</strong>Tashqi va ichki yuzalar uchun dekortiv qoplama</p>\r\n\r\n<p><strong>DEKO`CENTO (PERLAMUTR)-&nbsp;</strong>Hushbichim va nozik qoplama, devorlaga baxmal effektli estetik ko`rinish hosil qiladi. Bu ajoyib qoplama har qanday interyerni jozibador va samimiy atmosferaga ega bo`lishini&nbsp;&nbsp;ta&#39;minlaydi.</p>\r\n\r\n<p>Mahsulot,&nbsp;&nbsp;binoning tashqi va ichki tomonlariga jozibadorlik baxsh etadi. Vaqt o&#39;tishi bilan o`z jozibasini yo`qotmaydi.&nbsp;</p>\r\n\r\n<p><strong>Ishlatilish joylari:</strong></p>\r\n\r\n<p>Qoplama, beton, sement suvoq, taxta, toshning tabiiy to&#39;qimalari bilan mukammal tarzda birlashib, ularni bir nafis interyerda namoyon bo`lishini ta`minlaydi.</p>\r\n\r\n<p><strong>Yuzalarning tayyorlanishi:</strong></p>\r\n\r\n<ul style=\"list-style-type:disc\">\r\n\t<li>Yog&rsquo;li dog&rsquo;lar, kir va begona jismlardan uzoqlashtiriladi.</li>\r\n\t<li>Yoriqlar, teshiklar&nbsp;&nbsp;&nbsp;&nbsp;&nbsp;&nbsp;&nbsp;&nbsp;to`ldiriladi, shishib chiqqan, do&rsquo;ppaygan va boshqa noteks&nbsp;&nbsp;yuza qismlari tekislanadi va akril asosli spatlevka suriladi.</li>\r\n\t<li>Akril asosli shatlevka surilgan &nbsp;yuzaga&nbsp;&nbsp;&nbsp;&nbsp;&nbsp;&nbsp;&nbsp;&nbsp;&ldquo;DEKOPRIMER&rdquo; astar bo`yog`i qoplama rangiga mos ranglantirilib surib chiqiladi. &nbsp;Astar bo`yoq 5-6 soat davomida quriganidan keyin yuza, &nbsp;<strong>DEKO`CENTO (PERLAMUTR)</strong>&nbsp;qoplamasini surish uchun&nbsp;&nbsp;tayyor holga keladi.</li>\r\n</ul>\r\n\r\n<p><strong>Ishlatilishi:</strong></p>\r\n\r\n<ol>\r\n\t<li>Tayyorlangan yuzaga DEKO`CENTO (PERLAMUTR)<strong>&nbsp;qoplqamasi maxsus andava yordamida&nbsp;</strong>yupqa qilib suriladi.</li>\r\n\t<li>Birinchi tabaqa valik yoki andava yordamida tortiladi quriganidan keyin ikkinchi tabaqa andava yordamida to`lqinsimon shalda surib chiqiladi va vaqt o`tkazmasdan mahsus andava yordamida aylanma harakatlar bilan yuzaga dekorativ ko`rinish beriladi.&nbsp;</li>\r\n</ol>\r\n\r\n<p><strong>Texnik xarakteristikalari:</strong></p>\r\n\r\n<p><strong>Sarfiyat</strong>:&nbsp;&nbsp;1 kg. - 2,0-5.0 м&sup2;</p>\r\n\r\n<p><strong>Songi pardoslashdan keyingi qurish muddati:&nbsp;</strong>Harorat va namlikka ko`ra o`rtacha 12 soat.</p>\r\n\r\n<p><strong>Ishlov berish shartlari:&nbsp;</strong>+5℃.dan past bo`lmagan haroratda&nbsp;&nbsp;va namlik 80%dan yuqori bo`lmagan sharoitda qo`llash tvsiya qilinadi.</p>\r\n\r\n<p><strong>Qadoqlanishi:&nbsp;</strong>3 va 10 kg plastik idishlarda.</p>\r\n\r\n<p><strong>Saqlanish muddati</strong><strong>:&nbsp;</strong>Xona xaroratida, yopiq idishda &ndash; 1 yil.&nbsp;</p>", "description_ru": "<p><strong>DEKO`CENTO (PERLAMUTR) -&nbsp;</strong>Tashqi va ichki yuzalar uchun dekortiv qoplama</p>\r\n\r\n<p><strong>DEKO`CENTO (PERLAMUTR)-&nbsp;</strong>Hushbichim va nozik qoplama, devorlaga baxmal effektli estetik ko`rinish hosil qiladi. Bu ajoyib qoplama har qanday interyerni jozibador va samimiy atmosferaga ega bo`lishini&nbsp;&nbsp;ta&#39;minlaydi.</p>\r\n\r\n<p>Mahsulot,&nbsp;&nbsp;binoning tashqi va ichki tomonlariga jozibadorlik baxsh etadi. Vaqt o&#39;tishi bilan o`z jozibasini yo`qotmaydi.&nbsp;</p>\r\n\r\n<p><strong>Ishlatilish joylari:</strong></p>\r\n\r\n<p>Qoplama, beton, sement suvoq, taxta, toshning tabiiy to&#39;qimalari bilan mukammal tarzda birlashib, ularni bir nafis interyerda namoyon bo`lishini ta`minlaydi.</p>\r\n\r\n<p><strong>Yuzalarning tayyorlanishi:</strong></p>\r\n\r\n<ul style=\"list-style-type:disc\">\r\n\t<li>Yog&rsquo;li dog&rsquo;lar, kir va begona jismlardan uzoqlashtiriladi.</li>\r\n\t<li>Yoriqlar, teshiklar&nbsp;&nbsp;&nbsp;&nbsp;&nbsp;&nbsp;&nbsp;&nbsp;to`ldiriladi, shishib chiqqan, do&rsquo;ppaygan va boshqa noteks&nbsp;&nbsp;yuza qismlari tekislanadi va akril asosli spatlevka suriladi.</li>\r\n\t<li>Akril asosli shatlevka surilgan &nbsp;yuzaga&nbsp;&nbsp;&nbsp;&nbsp;&nbsp;&nbsp;&nbsp;&nbsp;&ldquo;DEKOPRIMER&rdquo; astar bo`yog`i qoplama rangiga mos ranglantirilib surib chiqiladi. &nbsp;Astar bo`yoq 5-6 soat davomida quriganidan keyin yuza, &nbsp;<strong>DEKO`CENTO (PERLAMUTR)</strong>&nbsp;qoplamasini surish uchun&nbsp;&nbsp;tayyor holga keladi.</li>\r\n</ul>\r\n\r\n<p><strong>Ishlatilishi:</strong></p>\r\n\r\n<ol>\r\n\t<li>Tayyorlangan yuzaga DEKO`CENTO (PERLAMUTR)<strong>&nbsp;qoplqamasi maxsus andava yordamida&nbsp;</strong>yupqa qilib suriladi.</li>\r\n\t<li>Birinchi tabaqa valik yoki andava yordamida tortiladi quriganidan keyin ikkinchi tabaqa andava yordamida to`lqinsimon shalda surib chiqiladi va vaqt o`tkazmasdan mahsus andava yordamida aylanma harakatlar bilan yuzaga dekorativ ko`rinish beriladi.&nbsp;</li>\r\n</ol>\r\n\r\n<p><strong>Texnik xarakteristikalari:</strong></p>\r\n\r\n<p><strong>Sarfiyat</strong>:&nbsp;&nbsp;1 kg. - 2,0-5.0 м&sup2;</p>\r\n\r\n<p><strong>Songi pardoslashdan keyingi qurish muddati:&nbsp;</strong>Harorat va namlikka ko`ra o`rtacha 12 soat.</p>\r\n\r\n<p><strong>Ishlov berish shartlari:&nbsp;</strong>+5℃.dan past bo`lmagan haroratda&nbsp;&nbsp;va namlik 80%dan yuqori bo`lmagan sharoitda qo`llash tvsiya qilinadi.</p>\r\n\r\n<p><strong>Qadoqlanishi:&nbsp;</strong>3 va 10 kg plastik idishlarda.</p>\r\n\r\n<p><strong>Saqlanish muddati</strong><strong>:&nbsp;</strong>Xona xaroratida, yopiq idishda &ndash; 1 yil.&nbsp;</p>"}}, {"model": "products.product", "pk": 16, "fields": {"created_at": "2023-03-05T16:39:58.063Z", "updated_at": "2023-03-22T10:16:03.593Z", "category": 4, "name_uz": "DEKOPRIMER", "name_ru": "DEKOPRIMER", "title_uz": null, "title_ru": null, "views_count": 13, "coefficient": null, "photo_url": "https://telegra.ph/file/2bdad288eebef74a74c8a.jpg", "video_url": null, "description_uz": "<p>DEKOPRIMER&nbsp;&nbsp;- Akrilik emulsiya asosli oq astar bo&rsquo;yoq.</p>\r\n\r\n<p><strong>Ta&rsquo;rifi:&nbsp;</strong>Akrilik emultsiya asosli oq astar bo&rsquo;yoq.</p>\r\n\r\n<p><strong>Xarakteristikasi:&nbsp;</strong>DEKOPRIMER yuqori sizib o&rsquo;tish va bog&rsquo;lovchi xususiyatiga ega. Yuzalarni bo&rsquo;yoq ishlari uchun tayyorlaydi, keyingi tabaqada suriladigan bo&rsquo;yoq va suvoq materialining yuzaga singib ketishiga yo&rsquo;l qo&rsquo;ymaganligi sababli bo&rsquo;yoq sarfini kamaytiradi. Suv va namlikni o&rsquo;tkazmaydi. Oqartiradi va yuzadagi mikro yoriqlarni berkitadi.</p>\r\n\r\n<p><strong>Yuzalarning tayyorlanishi</strong>: Yog&rsquo;li dog&rsquo;lar, kir va begona jismlar uzoqlashtiriladi. Shishib chiqqan, do&rsquo;ppaygan va notekis yuza qismlari tekislanadi, yoriqlar va teshiklar to&rsquo;ldiriladi. Toza, quruq va tekis yuza hosil bo&rsquo;lgandan keyin astarbo&rsquo;yoq (gruntovka) surkaladi.</p>\r\n\r\n<p><strong>Ishlatilish joylari:&nbsp;</strong>Tashqi va ichki suvoq qilingan va beton, gipsokarton, fanera va tahta yuzalar.</p>\r\n\r\n<p><strong>Ishlatilish shakli:&nbsp;</strong>Ishlatilishdan oldin 30% suv qo&rsquo;shilib aralashtiriladi. Ikki tabqa suriladigan bo&rsquo;lsa: 1- tabaqada 50% suv, 2- tabaqada esa 30 % suv qo&rsquo;shib suriladi. Aralashma tayyorlangandan keyin shotkada yoki valikda surkaladi. Surish oralig&rsquo;I 4-5 soat.</p>\r\n\r\n<p><strong>Sarfiyat:</strong>&nbsp;1 kg 5-6 m2.</p>\r\n\r\n<p><strong>Saqlash muddati:&nbsp;</strong>Xona xaroratida 1 yil.</p>\r\n\r\n<p><strong>Qurish vaqti</strong>: 4-12 soat</p>\r\n\r\n<p><strong>Qadoqlanishi:</strong>&nbsp;6kg, 14 kg va 20 kg plastik idishlarda.</p>", "description_ru": "<p>Грунтовка на акриловой основе.<br />\r\nОпределение: Белая грунтовка на основе акриловой эмульсии.<br />\r\nОписание: Dekoprimer&nbsp; обладает высокими проникающими и связующими свойствами. Подготавливает поверхность к покраске, уменьшает расход следующего слоя, предотвращая впитывания краски и штукатурки на поверхность. Не пропускает воду и влагу. Белит и заполняет микротрещины на поверхности.<br />\r\nПодготовка поверхности: удалить грязь, жирные пятна, инородные тела. Зачистить вздутия и облупленные места. Трещины и дыры заполонить. Выровнять неровные поверхности. После получения чистой, сухой и ровной поверхность нанести грунтовку.&nbsp;<br />\r\nПрименения: На внутренние и наружные, оштукатуренные и бетонные поверхности.<br />\r\nПрименение: наноситься в 1 или 2 слоя кистью, валиком или пульверизатором после разведения. При однократном применении разводиться на 30% водой. При двукратном - первый слой на 50% разводится водой, второй &ndash; на 30%. Интервал между слоями 4-5 часов. Применяется при температуре выше +5С.&nbsp;<br />\r\nРасход: 1кг на 5-6м2.&nbsp;<br />\r\nСрок хранения: 1 год при комнатной температуре.&nbsp;<br />\r\nВысыхание: 4-12 часа.&nbsp;<br />\r\nУпаковка: Пластиковые ведра по 5кг, 14кг и 20кг.&nbsp;</p>"}}, {"model": "products.product", "pk": 17, "fields": {"created_at": "2023-03-05T16:42:03.825Z", "updated_at": "2023-03-22T10:25:15.140Z", "category": 4, "name_uz": "Dekolak", "name_ru": "Dekolak", "title_uz": null, "title_ru": null, "views_count": 6, "coefficient": null, "photo_url": "https://telegra.ph/file/bd4d42839935e0c9f040a.jpg", "video_url": null, "description_uz": "<p><strong>DEKOART DEKOLAK - Tashqi va ichki yuzalar uchun shaffof himoya loki va astar bo&rsquo;yoq.</strong></p>\r\n\r\n<p><strong>Ta&rsquo;rifi:</strong>&nbsp;Akrilik kopolimerlar asosli shaffof himoya va astar bo&rsquo;yoq.</p>\r\n\r\n<p><strong>Xarakteristikasi:</strong>&nbsp;DEKOLAK ximoya laki surilganida, shaffof bo&rsquo;lganligi tufayli, yuzaning surilishdan oldingi ko&rsquo;rinishi saqlanib qolinishi bilan birga, yuza kuchli himoya tabaqasiga ega bo&rsquo;ladi. Yuzani UV nurlaridan, namdan va boshqa salbiy tasirlardan saqlaydi. Astar bo&rsquo;yoq sifatida islatilganda yuzaga bo&rsquo;yoqning jips yopishishiga, bo&rsquo;yoqning shimilib ketishini oldini olib, sarfiyatni kamaytiradi.</p>\r\n\r\n<p><strong>Ishlatilish joylari:&nbsp;</strong>Binolarning tashqi va ichki devor yuzalaridagi bo&rsquo;yoq va qoplamalarning himoyasi va astar bo&rsquo;yoq. Sement suvoq qilingan yuzalarga, beton, gips, taxta ustiga yaxshi suriladi.</p>\r\n\r\n<p><strong>Ishlatilishi:</strong>&nbsp;Yuzaga valik yoki maklovitsa bilan suriladi. Ishlatilish joyiga qarab 1:1 dan 1:5 nisbatlarda suv qo&rsquo;shish mumkin. To&rsquo;liq qurishi 2 soat.&nbsp;</p>\r\n\r\n<p><strong>Sarfiyat:</strong>&nbsp;Qo&rsquo;shilgan suv miqtoriga qarab sarfiyat o&rsquo;zgaradi.&nbsp;Normal shartlarda 1 kg 9-10 m2.&nbsp;.</p>\r\n\r\n<p><strong>Qadoqlanishi:</strong>&nbsp;10 kg plastik idishlarda.</p>\r\n\r\n<p><strong>Saqlanish muddati</strong><strong>:</strong>&nbsp;Xona xaroratida, yopiq idishda - 1&nbsp;yil.&nbsp;</p>", "description_ru": "<p><strong>DEKOART DEKOLAK &ndash;&nbsp;</strong><strong>Прозрачный защитный лак и грунтовка</strong><strong>&nbsp;для экстерьера и интерьера.</strong><strong>&nbsp;</strong><br />\r\n<strong>Описание:</strong>Прозрачный защитный лак и грунтовка&nbsp;для экстерьера и интерьера&nbsp;на основе акриловых сополимерных смол.<br />\r\n<strong>Характеристики:&nbsp;</strong>при нанесении&nbsp;DEKOLAK&nbsp;в качестве защитного лака - основной вид поверхности не изменяется, при этом прочность поверхности на негативные действия окружающей среды существенно улучшается. При использовании как &nbsp;грунтовки -&nbsp;DEKOLAK&nbsp;&nbsp;обладает высокими проникающими и связующими свойствами: подготавливает поверхность к покраске, уменьшает расход следующего слоя, предотвращая впитывания краски.<br />\r\n<strong>Места применения</strong>: Отделка внешних и внутренних стен зданий. Легко применяется на оштукатуренных, бетонных, гипсовых, деревянных и пр. поверхностях.<br />\r\n<strong>Подготовка поверхности</strong>: &nbsp;Удалить жирные пятна, грязь, инородные тела. Зачистить вздутия &nbsp; и облупленные места. Трещины и дыры заполнить.<br />\r\n<strong>Нанесение</strong>:&nbsp;DEKOLAK&nbsp;разбавляется водой от 1:1 до 1:5, в зависимости от цели использования. Наносится валиком или макловицой. Полное высыхание &ndash; 2 ч.<br />\r\n<strong>Расход</strong>: В зависимости от количества добавленной воды расход варьируется. В нормальных условиях 1 кг &ndash; 9-10 м2.<br />\r\n<strong>Упаковка:</strong>&nbsp;В пластиковых ведрах по 10 кг.<br />\r\n<strong>Срок хранения:&nbsp;</strong>При комнатной температуре, в закрытой таре- 1 год.</p>"}}, {"model": "products.product", "pk": 18, "fields": {"created_at": "2023-03-05T16:45:14.011Z", "updated_at": "2023-03-28T05:23:41.418Z", "category": 4, "name_uz": "DEKOLAK SUPER AKRIL", "name_ru": "DEKOLAK SUPER AKRIL", "title_uz": null, "title_ru": null, "views_count": 8, "coefficient": null, "photo_url": "https://telegra.ph/file/ceedb78b2f0ac0de1dc06.jpg", "video_url": null, "description_uz": "<p>&nbsp;</p>\r\n\r\n<p><strong>DEKOLAK SUPER AKRIL - Tashqi va ichki yuzalar uchun shaffof himoya loki va astar bo&rsquo;yoq.</strong><br />\r\n<strong>Ta&rsquo;rifi:</strong>&nbsp;Akrilik kopolimerlar asosli shaffof himoya va astar bo&rsquo;yoq.<br />\r\n<strong>Xarakteristikasi</strong>: DEKOLAK&nbsp;SUPER AKRIL&nbsp;ximoya loki surilganida, shaffof bo&rsquo;lganligi tufayli, yuzaning surilishdan oldingi ko&rsquo;rinishi saqlanib qolinishi bilan birga, yuza kuchli himoya tabaqasiga ega bo&rsquo;ladi. Yuzani UV nurlaridan, namdan va boshqa salbiy tasirlardan saqlaydi. Astar bo&rsquo;yoq sifatida islatilganda yuzaga bo&rsquo;yoqning jips yopishishiga, bo&rsquo;yoqning shimilib ketishini oldini olib, sarfiyatni kamaytiradi.<br />\r\n<strong>Ishlatilish joylari:&nbsp;</strong>Binolarning tashqi va ichki devor yuzalaridagi bo&rsquo;yoq va qoplamalarning himoyasi va astar bo&rsquo;yoq. Sement suvoq qilingan yuzalarga, beton, gips, taxta ustiga yaxshi suriladi.<br />\r\n<strong>Ishlatilishi:</strong>&nbsp;Yuzaga valik yoki maklovitsa bilan suriladi. Ishlatilish joyiga qarab 1:1 dan 1:5 nisbatlarda suv qo&rsquo;shish mumkin. To&rsquo;liq qurishi havo haroratiga qarab 2 soatdan 24 soatgacha.&nbsp;<br />\r\n<strong>Sarfiyat:</strong>&nbsp;Qo&rsquo;shilgan suv miqtoriga qarab sarfiyat o&rsquo;zgaradi.&nbsp;Normal shartlarda 1 kg 9-10 m2.&nbsp;.<br />\r\n<strong>Qadoqlanishi:</strong>&nbsp;2,5 va10 kg plastik idishlarda.<br />\r\n<strong>Saqlanish muddati</strong><strong>:</strong>&nbsp;Xona xaroratida, yopiq idishda - 1&nbsp;yil.</p>", "description_ru": "<p>&nbsp;</p>\r\n\r\n<p><strong>DEKOLAK SUPER AKRIL&nbsp;</strong><strong>&ndash;&nbsp;</strong><strong>Прозрачный защитный лак и грунтовка</strong><strong>&nbsp;для экстерьера и интерьера.</strong><strong>&nbsp;</strong><br />\r\n<strong>Описание:</strong>Прозрачный защитный лак и грунтовка&nbsp;для экстерьера и интерьера&nbsp;на основе акриловых сополимерных смол.<br />\r\n<strong>Характеристики:&nbsp;</strong>при нанесении&nbsp;DEKOLAK&nbsp;в качестве защитного лака - основной вид поверхности не изменяется, при этом прочность поверхности на негативные действия окружающей среды существенно улучшается. При использовании как &nbsp;грунтовки -&nbsp;DEKOLAK&nbsp;&nbsp;обладает высокими проникающими и связующими свойствами: подготавливает поверхность к покраске, уменьшает расход следующего слоя, предотвращая впитывания краски.<br />\r\n<strong>Места применения</strong>: Отделка внешних и внутренних стен зданий. Легко применяется на оштукатуренных, бетонных, гипсовых, деревянных и пр. поверхностях.<br />\r\n<strong>Подготовка поверхности</strong>: &nbsp;Удалить жирные пятна, грязь, инородные тела. Зачистить вздутия &nbsp; и облупленные места. Трещины и дыры заполнить.<br />\r\n<strong>Нанесение</strong>:&nbsp;DEKOLAK&nbsp;разбавляется водой от 1:1 до 1:5, в зависимости от цели использования. Наносится валиком или макловицой. Полное высыхание в зависимости температуры воздуха от 2 до 24 часов.<br />\r\n<strong>Расход</strong>: В зависимости от количества добавленной воды расход варьируется. В нормальных условиях 1 кг &ndash; 9-10 м2.<br />\r\n<strong>Упаковка:</strong>&nbsp;В пластиковых ведрах по 2.5-10 кг.<br />\r\n<strong>Срок хранения:&nbsp;</strong>При комнатной температуре, в закрытой таре- 1 год.</p>"}}, {"model": "products.product", "pk": 19, "fields": {"created_at": "2023-03-05T16:49:29.930Z", "updated_at": "2023-03-28T05:23:30.639Z", "category": 4, "name_uz": "DEKOCOLOR", "name_ru": "DEKOCOLOR", "title_uz": null, "title_ru": null, "views_count": 2, "coefficient": null, "photo_url": "https://telegra.ph/file/cd2ebcab11d4ca19ef2d4.jpg", "video_url": null, "description_uz": "<p>Прозрачный защитный лак и грунтовка на акриловой основе для экстерьера и интерьера.&nbsp;<br />\r\nХарактеристики: при нанесении Dekocolor&nbsp; в качестве защитного лака &ndash; основной вид поверхности не изменяется, при этом прочность поверхности на негативные действия окружающей среды существенно улучшается. При использовании&nbsp; как грунтовки &ndash; Dekocolor обладает высокими проникающими и связующими свойствами: подготавливает поверхность к покраске, уменьшает расход следующего слоя, предотвращая впитывания краски.<br />\r\nМесто применения: Отделка внешних и внутренних стен зданий. Легко применяется на оштукатуренных, бетонных, гипсовых, деревянных и пр. поверхностях.&nbsp;&nbsp;<br />\r\n&nbsp; Подготовка поверхности:&nbsp; Удалить грязь, жирные пятна, инородные тела. Зачистить вздутия и облупленные места . Трещины и дыры заполонить.<br />\r\nНанесение: Dekolak разбавляется водой от 1:1 до 1:5, в зависимости от цели использования. Наносится валиком или макловицой. Полное высыхание 2 часа.<br />\r\nРасход: В зависимости от количества добавленной воды расход варьируется. В нормальных условиях 1кг 9-10 м2.&nbsp;<br />\r\nУпаковка: В пластиковых ведрах по 10кг.&nbsp;<br />\r\nСрок хранения: При комнатной температуре, в закрытой таре 1 год.&nbsp;</p>", "description_ru": "<p>Прозрачный защитный лак и грунтовка на акриловой основе для экстерьера и интерьера.&nbsp;<br />\r\nХарактеристики: при нанесении Dekocolor&nbsp; в качестве защитного лака &ndash; основной вид поверхности не изменяется, при этом прочность поверхности на негативные действия окружающей среды существенно улучшается. При использовании&nbsp; как грунтовки &ndash; Dekocolor обладает высокими проникающими и связующими свойствами: подготавливает поверхность к покраске, уменьшает расход следующего слоя, предотвращая впитывания краски.<br />\r\nМесто применения: Отделка внешних и внутренних стен зданий. Легко применяется на оштукатуренных, бетонных, гипсовых, деревянных и пр. поверхностях.&nbsp;&nbsp;<br />\r\n&nbsp; Подготовка поверхности:&nbsp; Удалить грязь, жирные пятна, инородные тела. Зачистить вздутия и облупленные места . Трещины и дыры заполонить.<br />\r\nНанесение: Dekolak разбавляется водой от 1:1 до 1:5, в зависимости от цели использования. Наносится валиком или макловицой. Полное высыхание 2 часа.<br />\r\nРасход: В зависимости от количества добавленной воды расход варьируется. В нормальных условиях 1кг 9-10 м2.&nbsp;<br />\r\nУпаковка: В пластиковых ведрах по 10кг.&nbsp;<br />\r\nСрок хранения: При комнатной температуре, в закрытой таре 1 год.&nbsp;</p>"}}, {"model": "products.product", "pk": 20, "fields": {"created_at": "2023-03-05T16:51:27.757Z", "updated_at": "2023-03-22T10:25:23.148Z", "category": 4, "name_uz": "PRIMER DEKASTAR", "name_ru": "PRIMER DEKASTAR", "title_uz": null, "title_ru": null, "views_count": 4, "coefficient": null, "photo_url": "https://telegra.ph/file/3c5d0442eb8cc745213ca.jpg", "video_url": null, "description_uz": "<p><strong>Universal shaffof astar bo&#39;yoq</strong></p>\r\n\r\n<p><strong>Ta&#39;rifi:</strong></p>\r\n\r\n<p>Yuqori sifatli akril vinil kopolimer asosli universal shaffof astar bo&#39;yoq, ham namliktan ximoyalovchi vosita, ham tashqi va ichki bo&#39;yoq ishlarida primer astar bo&#39;yoq sifatida ishlatiladi.&nbsp;</p>\r\n\r\n<p><strong>Xarakteristikasi:</strong></p>\r\n\r\n<p>Primer Dekastar ichki va tashqi yuzalarga astar bo&#39;yogi sifatida ishlatilganda tarkibidagi polimer yordamida devorga nam o&#39;tkazuvchanlikni to&#39;xtatadi va bo&#39;yoq sarfini kamaytiradi. Namlikdan ximoyalovchi vosita sifatida terassalarda, balkon, tualet va dush xona devorlaridagi mikrodarzlarga surilganda namning sizishini kamaytiradi. Podvol devorlarining ichki yuzalari uchun a&#39;lo darajali namdan ximoyalovchi vosita. Yuzaning tayyorlanishi: Yog&#39;li dog&#39;lar, kir va begona jismlar uzoqlashtiriladi. Shishib chiqqan, do&#39;ppaygan va boshqa noteks yuza qismlari tekislanadi. Yoriqlar va teshiklar to&#39;ldiriladi.</p>\r\n\r\n<p><strong>Suyultirish shakli:</strong></p>\r\n\r\n<p>Bo&#39;yoq astari uchun: tashqi yuzalarga - 1lt. Primer Dekastar 5lt. suvda suvda suyultiriladi. Namdan ximoyalash vositasi - 1lt. Primer Dekastar 1-2 lt. suvda suyultiriladi. Namdan ximoyalash uchun surilgan Super Primer ustidan bo&#39;yoq surish mumkin emas. Suyultirilmagan&nbsp;<strong>Super Primerni</strong>&nbsp;ishlatish tavsiya qilinmaydi.</p>\r\n\r\n<p><strong>Ishlatilishi:</strong></p>\r\n\r\n<p>Astar bo&#39;yoq va namlikdan ximoyalovchi vosita sifatida. Bo&#39;yalgan yuzalarning bog&#39;lanishini kuchaytirish uchun yangi va eski bo&#39;yalgan yuzalarning ustidan Primer Dekastar surish mumkin. Yuza tortilish kuchi yuqori bo&#39;lgan sintetik bo&#39;yoqlarning Primer Dekastar astar bo&#39;yoq tabaqasi ustidan surilishi tavsiya qilinmaydi.&nbsp;</p>\r\n\r\n<p><strong>Sarfiyat:</strong></p>\r\n\r\n<p>Astar bo&#39;yoq sifatida: 1lt. Primer Dekastar 7lt suv bilan suyultirilganda yuzaning yutuvchanligiga bog&#39;liq o&#39;laroq 60 m2&nbsp; dan 100 m2&nbsp;gacha.&nbsp;</p>\r\n\r\n<p><strong>Saqlanish muddati:</strong></p>\r\n\r\n<p>Xona haroratida 1 yil.</p>\r\n\r\n<p><strong>Qurish vaqti:</strong></p>\r\n\r\n<p>1soat(20 ℃)</p>\r\n\r\n<p><strong>Qadoqlanish shakli:</strong></p>\r\n\r\n<p>1 lt, 3lt, va 5lt plastmassa idishlarda</p>", "description_ru": "<p><strong>Universal shaffof astar bo&#39;yoq</strong></p>\r\n\r\n<p><strong>Ta&#39;rifi:</strong></p>\r\n\r\n<p>Yuqori sifatli akril vinil kopolimer asosli universal shaffof astar bo&#39;yoq, ham namliktan ximoyalovchi vosita, ham tashqi va ichki bo&#39;yoq ishlarida primer astar bo&#39;yoq sifatida ishlatiladi.&nbsp;</p>\r\n\r\n<p><strong>Xarakteristikasi:</strong></p>\r\n\r\n<p>Primer Dekastar ichki va tashqi yuzalarga astar bo&#39;yogi sifatida ishlatilganda tarkibidagi polimer yordamida devorga nam o&#39;tkazuvchanlikni to&#39;xtatadi va bo&#39;yoq sarfini kamaytiradi. Namlikdan ximoyalovchi vosita sifatida terassalarda, balkon, tualet va dush xona devorlaridagi mikrodarzlarga surilganda namning sizishini kamaytiradi. Podvol devorlarining ichki yuzalari uchun a&#39;lo darajali namdan ximoyalovchi vosita. Yuzaning tayyorlanishi: Yog&#39;li dog&#39;lar, kir va begona jismlar uzoqlashtiriladi. Shishib chiqqan, do&#39;ppaygan va boshqa noteks yuza qismlari tekislanadi. Yoriqlar va teshiklar to&#39;ldiriladi.</p>\r\n\r\n<p><strong>Suyultirish shakli:</strong></p>\r\n\r\n<p>Bo&#39;yoq astari uchun: tashqi yuzalarga - 1lt. Primer Dekastar 5lt. suvda suvda suyultiriladi. Namdan ximoyalash vositasi - 1lt. Primer Dekastar 1-2 lt. suvda suyultiriladi. Namdan ximoyalash uchun surilgan Super Primer ustidan bo&#39;yoq surish mumkin emas. Suyultirilmagan&nbsp;<strong>Super Primerni</strong>&nbsp;ishlatish tavsiya qilinmaydi.</p>\r\n\r\n<p><strong>Ishlatilishi:</strong></p>\r\n\r\n<p>Astar bo&#39;yoq va namlikdan ximoyalovchi vosita sifatida. Bo&#39;yalgan yuzalarning bog&#39;lanishini kuchaytirish uchun yangi va eski bo&#39;yalgan yuzalarning ustidan Primer Dekastar surish mumkin. Yuza tortilish kuchi yuqori bo&#39;lgan sintetik bo&#39;yoqlarning Primer Dekastar astar bo&#39;yoq tabaqasi ustidan surilishi tavsiya qilinmaydi.&nbsp;</p>\r\n\r\n<p><strong>Sarfiyat:</strong></p>\r\n\r\n<p>Astar bo&#39;yoq sifatida: 1lt. Primer Dekastar 7lt suv bilan suyultirilganda yuzaning yutuvchanligiga bog&#39;liq o&#39;laroq 60 m2&nbsp; dan 100 m2&nbsp;gacha.&nbsp;</p>\r\n\r\n<p><strong>Saqlanish muddati:</strong></p>\r\n\r\n<p>Xona haroratida 1 yil.</p>\r\n\r\n<p><strong>Qurish vaqti:</strong></p>\r\n\r\n<p>1soat(20 ℃)</p>\r\n\r\n<p><strong>Qadoqlanish shakli:</strong></p>\r\n\r\n<p>1 lt, 3lt, va 5lt plastmassa idishlarda</p>"}}, {"model": "products.product", "pk": 21, "fields": {"created_at": "2023-03-05T16:56:10.819Z", "updated_at": "2023-03-28T05:24:33.945Z", "category": 5, "name_uz": "Deko`art Coloring Systems", "name_ru": "Колер \"DEKO`ART COLORING SUYSTEM\"", "title_uz": null, "title_ru": null, "views_count": 6, "coefficient": null, "photo_url": "https://telegra.ph/file/02392da32346e1330ef76.jpg", "video_url": null, "description_uz": "<p><strong>Deko`art Coloring Systems</strong></p>\r\n\r\n<p><strong>Ta`rifi:</strong>&nbsp;Ichki va tashqi&nbsp;suv asosli&nbsp;oq bo&rsquo;yoqlarni kerakli rangga keltirish uchun islatiladi. Suv asosli barcha bo&rsquo;yoqlar bilan osonlikcha aralashadi.&nbsp;<strong>Deko`art Coloring Systems&nbsp;</strong>kolerlari yordamida mavjud 24 xildagi asosiy ranglardan jami 120 qo`shimcha rang hosil qilish mumkin.&nbsp;&nbsp;Zarur rangni hosil qilish (ranglashtirish)&nbsp;&nbsp;uchun&nbsp;<strong>&ldquo;Deko`art&rdquo;</strong>&nbsp;bo`yoqlariga kerakli darajada mazkur kolerlardan aralashtirsangiz bo`ldi.</p>\r\n\r\n<p><strong>Deko`art Coloring Systems</strong>&nbsp;mahsulotlaridan rang hosil qilishdan (ranglashtirishda) tashqari, bu mahsulotlarndan to`g`ridan, mustaqil bo`yoq sifatida foydalanish orqali yuzaga mayinlik va ko`rkamlik baxsh etish mumkin. &nbsp;</p>\r\n\r\n<p>Mahsuotdan mustaqil bo`yoq sifatida foydalanishda:&nbsp;</p>\r\n\r\n<table border=\"1\" cellpadding=\"0\" cellspacing=\"0\">\r\n\t<tbody>\r\n\t\t<tr>\r\n\t\t\t<td>\r\n\t\t\t<p>Aralashtiriladi</p>\r\n\t\t\t</td>\r\n\t\t\t<td>\r\n\t\t\t<p>Suv</p>\r\n\t\t\t</td>\r\n\t\t</tr>\r\n\t\t<tr>\r\n\t\t\t<td>\r\n\t\t\t<p>Ish qulroli</p>\r\n\t\t\t</td>\r\n\t\t\t<td>\r\n\t\t\t<p>Valik,&nbsp;cho`tka</p>\r\n\t\t\t</td>\r\n\t\t</tr>\r\n\t\t<tr>\r\n\t\t\t<td>\r\n\t\t\t<p>Qurish muddati</p>\r\n\t\t\t</td>\r\n\t\t\t<td>\r\n\t\t\t<p>24&nbsp;soat</p>\r\n\t\t\t</td>\r\n\t\t</tr>\r\n\t\t<tr>\r\n\t\t\t<td>\r\n\t\t\t<p>Sarfiyat</p>\r\n\t\t\t</td>\r\n\t\t\t<td>\r\n\t\t\t<p>300-350 ml/m&sup2;</p>\r\n\t\t\t</td>\r\n\t\t</tr>\r\n\t</tbody>\r\n</table>\r\n\r\n<p>Bundan tashari ko`z bilan chamalsh yo`li bilan &ldquo;Italyancha bo`yolar&rdquo;&nbsp;(Vilvet, Venetto. Ottocento, Sadaf &nbsp;va boshqa) guruhidagi bo`yoqlarda ham kerakli rang hosil qilish mumkin.&nbsp;</p>\r\n\r\n<p><strong>Ishlatiladigan joylar:&nbsp;</strong>Barcha bo`yoq va qoplamalarni ranglashtirish uchun pigment bo`yoq sifatida ishlatiladi. Beton, shtukaturka, yog`och, shisha tolasi kabi mahsulotlardan iborat ichki va tashqi yuzalarda dekorativ qoplama hosil qilishda qo`llaniladi.&nbsp;</p>\r\n\r\n<p>Mahsulotni ishlatishdan oldin idishni silkiting (chayqating).&nbsp;</p>\r\n\r\n<p><strong>Saqlash muddati</strong><strong>:</strong>&nbsp;Xona haroratida 1 yil.&nbsp;&nbsp;</p>\r\n\r\n<p><strong>Ogohlantirish:&nbsp;</strong>Terida allergik reaksiya hosil qilshi mumkin. Bolalardan uzoqroq joyda saqlang. Qo`lqop, maxsus kiyim, ko`z va yuz himoya vositalariga ega bo`lgan holatda mahsulotdan foydalaning. qo`llaning.</p>", "description_ru": "<p><strong>Колер &quot;DEKO`ART COLORING SUYSTEM&quot;</strong></p>\r\n\r\n<p><strong>Назначение:</strong>&nbsp;Предназначены&nbsp;для окраски в требуемый цвет белой водоэмульсионной краски для&nbsp;наружных&nbsp;и внутренних работ.&nbsp;Отлично перемешивается со всеми&nbsp;красками&nbsp;на водной основе.&nbsp;Путем смешивания&nbsp;<strong>Deko</strong><strong>`</strong><strong>art</strong><strong>&nbsp;</strong><strong>Coloring</strong><strong>&nbsp;</strong><strong>Systems</strong><strong>&nbsp;</strong>из 24 основных цветов можно получить 120 оттенков. Для получения желаемого цвета,&nbsp;достаточно&nbsp;добавить определенное количество колера в белую краску &laquo;<strong>&nbsp;</strong><strong>Deko`art</strong>&raquo;,.</p>\r\n\r\n<p>Deko`art&nbsp;Coloring&nbsp;Systems&nbsp;используется не только в качестве пигментирующего красителя, но так же и в качестве самостоятельного продукта, при этом с легкостью достигается гладкость и однородность поверхности.</p>\r\n\r\n<p>При использования как самостоятельный продукт:</p>\r\n\r\n<table border=\"1\" cellpadding=\"0\" cellspacing=\"0\">\r\n\t<tbody>\r\n\t\t<tr>\r\n\t\t\t<td>\r\n\t\t\t<p>Разбавление</p>\r\n\t\t\t</td>\r\n\t\t\t<td>\r\n\t\t\t<p>Вода</p>\r\n\t\t\t</td>\r\n\t\t</tr>\r\n\t\t<tr>\r\n\t\t\t<td>\r\n\t\t\t<p>Инструмент нанесения</p>\r\n\t\t\t</td>\r\n\t\t\t<td>\r\n\t\t\t<p>Валик, кисть</p>\r\n\t\t\t</td>\r\n\t\t</tr>\r\n\t\t<tr>\r\n\t\t\t<td>\r\n\t\t\t<p>Высыхание</p>\r\n\t\t\t</td>\r\n\t\t\t<td>\r\n\t\t\t<p>24 часа</p>\r\n\t\t\t</td>\r\n\t\t</tr>\r\n\t\t<tr>\r\n\t\t\t<td>\r\n\t\t\t<p>Расход</p>\r\n\t\t\t</td>\r\n\t\t\t<td>\r\n\t\t\t<p>300-350 ml/m&sup2;</p>\r\n\t\t\t</td>\r\n\t\t</tr>\r\n\t</tbody>\r\n</table>\r\n\r\n<p>Так же&nbsp;пропорции смеси можно получить на глаз необходимый цвет для красок группы &laquo;Итальянские Краски&raquo; (Vilvet,&nbsp;Venetto.&nbsp;Ottocento,&nbsp;Sadaf&nbsp;и другие.</p>\r\n\r\n<p><strong>Места применения:&nbsp;</strong>Используется в качестве пигментирующего красителя для любых красок или финишных покрытий. Применяется для создания декоративного покрытия на внутренних и внешних поверхностях зданий из облицовочного бетона, штукатурки, дерева и стекловолокна.</p>\r\n\r\n<p><strong>Перед применением взболтать</strong>.</p>\r\n\r\n<p><strong>С</strong><strong>рок хранения</strong><strong>:</strong>&nbsp;1 год при комнатной температуре.&nbsp;</p>\r\n\r\n<p><strong>Предупреждение:</strong>&nbsp;Может вызывать аллергическую реакцию на коже. Хранить в местах недоступных для детей. Пользоваться защитными перчатками, спецодеждой и средствами защиты лица и глаз.</p>"}}, {"model": "products.product", "pk": 22, "fields": {"created_at": "2023-03-05T16:59:46.754Z", "updated_at": "2023-03-28T07:29:40.038Z", "category": 6, "name_uz": "DEKO`ART - Jiloli Emal", "name_ru": "DEKO`ART - Jiloli Emal", "title_uz": null, "title_ru": null, "views_count": 10, "coefficient": null, "photo_url": "https://telegra.ph/file/740c24492496d98f07672.jpg", "video_url": null, "description_uz": "<p><strong>DEKO`ART -&nbsp;</strong><strong>Jiloli Emal</strong></p>\r\n\r\n<p><strong>Qisqacha ta&rsquo;rifi:</strong>&nbsp;Sintetik alkid asosli&nbsp;DEKO`ART&nbsp;jiloli emal bo&rsquo;yog`i.&nbsp;&nbsp;</p>\r\n\r\n<p><strong>Afzallıkları:</strong>&nbsp;Bo`yoq yuqori qoplash xususiyati bilan ajralib turadi, qulay suriladi, tashqi muhitga chidamli..&nbsp;</p>\r\n\r\n<p><strong>Ishlatilish joylari:&nbsp;</strong>Har qanday<strong>&nbsp;</strong>ichki va tashqi yuzalar &ndash; yog&rsquo;och, metall, DSP, MDF va boshqalar. &nbsp;</p>\r\n\r\n<p><strong>Yuzalarni tayyorlash :</strong></p>\r\n\r\n<p><strong><u>Yog&rsquo;och yuzalarda:</u></strong>&nbsp;Yuza qum qog&rsquo;oz bilan tozalanadi, astar bo`yoq surilib to&rsquo;yintirilgandan keyin 2 tabaqa emal bo&rsquo;yoq suriladi.</p>\r\n\r\n<p><strong><u>Metall yuzalarda:</u></strong>&nbsp;Yuza yog&rsquo;, kir, chang va zangdan tozalanadi va antipas suriladi. Yuza tayyorlangandan keyin 2 tabaqa emal bo&rsquo;yoq suriladi. Tabaqalar orasi qurish tanaffusi 12 soat.&nbsp;&nbsp;&nbsp;</p>\r\n\r\n<p><strong>Qo`llanlishi:</strong>&nbsp;Emal bo`yoqni ishlatishdan oldin yaxshilab aralashtiring. Kerakli holatlarda suyultiruvchi aralashtiring. Bo`yoqni yuzalarga pulverizator, cho`tka va valik yordamida suring.&nbsp;&nbsp;</p>\r\n\r\n<p><strong>Sarfiyat:</strong>&nbsp;Har bir tabaqa uchun sarfiyat ga:&nbsp;150-160gr./m2</p>\r\n\r\n<p><strong>Saqlash muddati</strong><strong>:&nbsp;&nbsp;</strong>&nbsp;Xona xaroratida, yopiq idishda 1 yil.</p>\r\n\r\n<p><strong>Qadoqlanishi:</strong>&nbsp;3 kg., 1 kg.</p>\r\n\r\n<p><strong>Qurishi:</strong>&nbsp;(22&nbsp;Со) To&rsquo;liq qurishi 24 soat.&nbsp;</p>\r\n\r\n<p><strong>Extiyot choralari:</strong></p>\r\n\r\n<p>-Yonuvchi modda;</p>\r\n\r\n<p>-Yutilganda yoki bug&rsquo;lari nafas yo&rsquo;liga kirsa sog&rsquo;liq uchun xavfli.</p>\r\n\r\n<p>&nbsp;</p>\r\n\r\n<p><strong>Xavfsizlik choralari:</strong></p>\r\n\r\n<p><strong>-</strong>Bolalardan uzoq tuting; maxkam yopiq idishda, salqin va shamollatiladigan xonada saqlang;</p>\r\n\r\n<p>-Teri va ko&rsquo;zga tushishiga yo&rsquo;l qo&rsquo;ymang.&nbsp;&nbsp;</p>", "description_ru": "<p><strong>DEKO`ART -&nbsp;</strong><strong>ГЛЯНЦЕВАЯ ЭМАЛЬ</strong></p>\r\n\r\n<p><strong>Краткое описание:</strong>&nbsp;Глянцевая эмаль&nbsp;DEKO`ART&nbsp;на основе синтетических алкидных смол.</p>\r\n\r\n<p><strong>Свойства :</strong>&nbsp;Отличается высокой покрываемостью, легко наносится, &nbsp;атмосферостойкая.</p>\r\n\r\n<p><strong>Место применения:&nbsp;</strong>Все внутренние и наружные поверхности - дерево, металл, ДСП, МДФ и другие.&nbsp;</p>\r\n\r\n<p><strong>Подготовка</strong><strong>&nbsp;поверхности</strong><strong>&nbsp;:</strong></p>\r\n\r\n<p><strong><u>При деревянных поверхностях:</u></strong>&nbsp;Зашкурить, обработать пропиткой, затем нанести 2 слоя эмали.</p>\r\n\r\n<p><strong><u>При металлических поверхностей:</u></strong>&nbsp;Удалить жир, грязь,&nbsp;&nbsp;пыль&nbsp;и ржавчину, обработать &nbsp;антипасом. После подготовки поверхности наноситься 2 слоя&nbsp;эмали. Перерыв между слоями 12 часов.</p>\r\n\r\n<p><strong>Применение:&nbsp;</strong>Перед применением эмаль тщательно перемешивать, при необходимости разбавляются разбавителем. Нанести при помощи пульверизатора, кистью или валиком.</p>\r\n\r\n<p><strong>Расход :</strong>&nbsp;Расход эмали на однослойное покрытие 150-160gr./m2</p>\r\n\r\n<p><strong>Срок хранения:&nbsp;&nbsp;&nbsp;</strong>&nbsp;1 год при комнатной температуре в закрытой таре.</p>\r\n\r\n<p><strong>Расфасовка:</strong>&nbsp;3кг.,&nbsp;1 кг.</p>\r\n\r\n<p><strong>Высыхание:</strong>&nbsp;(22 Со) Полное высыхание 24 часов.</p>\r\n\r\n<p><strong>Меры предосторожности:</strong></p>\r\n\r\n<p>- Огнеопасно;</p>\r\n\r\n<p>- Вредно для здоровья при вдыхании паров и попадании внутрь.</p>\r\n\r\n<p>&nbsp;</p>\r\n\r\n<p><strong>Меры безопасности:</strong></p>\r\n\r\n<p>- Хранить в местах, недоступных для детей, в плотно закрытой таре в прохладном, проветриваемом помещении;</p>\r\n\r\n<p>- Избегать попадания в глаза и на кожу. &nbsp;</p>"}}, {"model": "products.figureout", "pk": 1, "fields": {"created_at": "2023-03-04T05:00:22.515Z", "updated_at": "2023-03-13T18:02:18.342Z", "product": 15, "photo_url": "https://telegra.ph/file/1a433c432bf658a09f924.jpg"}}, {"model": "products.figureout", "pk": 2, "fields": {"created_at": "2023-03-04T05:00:32.722Z", "updated_at": "2023-03-13T18:02:31.026Z", "product": 15, "photo_url": "https://telegra.ph/file/1a433c432bf658a09f924.jpg"}}, {"model": "products.figureout", "pk": 3, "fields": {"created_at": "2023-03-13T18:02:52.095Z", "updated_at": "2023-03-13T18:02:52.095Z", "product": 15, "photo_url": "https://telegra.ph/file/1a433c432bf658a09f924.jpg"}}, {"model": "products.colorcatalog", "pk": 1, "fields": {"created_at": "2023-03-04T05:01:09.779Z", "updated_at": "2023-03-18T03:26:05.243Z", "product": 15, "name_uz": "№ 744", "name_ru": "№ 744", "photo_url": "https://telegra.ph/file/6a3195ddcc2636be1240c.jpg"}}, {"model": "products.colorcatalog", "pk": 2, "fields": {"created_at": "2023-03-06T17:14:27.794Z", "updated_at": "2023-03-18T03:28:35.584Z", "product": 15, "name_uz": "№ 710", "name_ru": "№ 710", "photo_url": "https://telegra.ph/file/5b93f6860eba2e2913990.jpg"}}, {"model": "products.colorcatalog", "pk": 3, "fields": {"created_at": "2023-03-13T17:59:59.605Z", "updated_at": "2023-03-18T10:58:39.883Z", "product": 15, "name_uz": "№ 720", "name_ru": "№ 720", "photo_url": "https://telegra.ph/file/793aeda39a47eeeb4c532.jpg"}}, {"model": "products.colorcatalog", "pk": 4, "fields": {"created_at": "2023-03-13T18:00:21.859Z", "updated_at": "2023-03-18T10:59:09.674Z", "product": 15, "name_uz": "№ 782", "name_ru": "№ 782", "photo_url": "https://telegra.ph/file/ca3e4a125bde9542cf9b8.jpg"}}, {"model": "products.colorcatalog", "pk": 5, "fields": {"created_at": "2023-03-13T18:00:59.953Z", "updated_at": "2023-03-28T10:34:02.031Z", "product": 15, "name_uz": "№ 725", "name_ru": "№ 725", "photo_url": "https://telegra.ph/file/1b9541779c7f8c3474dc7.jpg"}}, {"model": "products.colorcatalog", "pk": 6, "fields": {"created_at": "2023-03-18T11:00:31.329Z", "updated_at": "2023-03-28T10:34:30.131Z", "product": 15, "name_uz": "№ 712", "name_ru": "№ 712", "photo_url": "https://telegra.ph/file/793aeda39a47eeeb4c532.jpg"}}, {"model": "products.colorcatalog", "pk": 7, "fields": {"created_at": "2023-03-18T11:01:45.742Z", "updated_at": "2023-03-28T10:34:46.558Z", "product": 15, "name_uz": "№ 729", "name_ru": "№ 729", "photo_url": "https://telegra.ph/file/5b93f6860eba2e2913990.jpg"}}, {"model": "products.colorcatalog", "pk": 8, "fields": {"created_at": "2023-03-18T11:02:14.728Z", "updated_at": "2023-03-28T10:35:22.114Z", "product": 15, "name_uz": "№ 780", "name_ru": "№ 780", "photo_url": "https://telegra.ph/file/ca3e4a125bde9542cf9b8.jpg"}}, {"model": "products.colorcatalog", "pk": 9, "fields": {"created_at": "2023-03-28T10:37:26.793Z", "updated_at": "2023-03-28T10:37:26.793Z", "product": 15, "name_uz": "№ 728", "name_ru": "№ 728", "photo_url": null}}, {"model": "products.colorcatalog", "pk": 10, "fields": {"created_at": "2023-03-28T10:37:57.284Z", "updated_at": "2023-03-28T10:37:57.284Z", "product": 15, "name_uz": "№ 730", "name_ru": "№ 730", "photo_url": null}}, {"model": "products.colorcatalog", "pk": 11, "fields": {"created_at": "2023-03-28T10:38:44.786Z", "updated_at": "2023-03-28T10:38:44.786Z", "product": 15, "name_uz": "№ 731", "name_ru": "№ 731", "photo_url": null}}, {"model": "products.colorcatalog", "pk": 12, "fields": {"created_at": "2023-03-28T10:39:22.037Z", "updated_at": "2023-03-28T10:39:22.037Z", "product": 15, "name_uz": "№ 770", "name_ru": "№ 770", "photo_url": null}}, {"model": "products.colorcatalog", "pk": 13, "fields": {"created_at": "2023-03-28T10:41:21.344Z", "updated_at": "2023-03-28T10:41:21.344Z", "product": 15, "name_uz": "№ 766", "name_ru": "№ 766", "photo_url": null}}, {"model": "products.colorcatalog", "pk": 14, "fields": {"created_at": "2023-03-28T10:41:39.780Z", "updated_at": "2023-03-28T10:41:39.780Z", "product": 15, "name_uz": "№ 788", "name_ru": "№ 788", "photo_url": null}}, {"model": "products.colorcatalog", "pk": 15, "fields": {"created_at": "2023-03-28T10:42:00.062Z", "updated_at": "2023-03-28T10:42:00.062Z", "product": 15, "name_uz": "№ 790", "name_ru": "№ 790", "photo_url": null}}, {"model": "products.colorcatalog", "pk": 16, "fields": {"created_at": "2023-03-28T10:42:22.057Z", "updated_at": "2023-03-28T10:42:22.057Z", "product": 15, "name_uz": "№ 743", "name_ru": "№ 743", "photo_url": null}}, {"model": "products.news", "pk": 1, "fields": {"created_at": "2023-03-06T12:42:18.683Z", "updated_at": "2023-03-25T10:49:46.145Z", "title_uz": "KOMPANIYAMIZ “TASHABBUS – 2019” TOSHKENT SHAHAR BOSQICHIDA ISHTIROK ETTI.", "title_ru": "НАША КОМПАНИЯ ПРИНЯЛА УЧАСТИЕ В ТАШКЕНТСКОМ ГОРОДСКОМ ЭТАПЕ СМОТРА-КОНКУРСА \"ТАШАББУС-2019\"", "views_count": 76, "description_uz": "<p>(Tavsilotlar&nbsp;<a href=\"http://www.dekoart.uz/\" rel=\"external noopener noreferrer\">www.dekoart.uz</a>&nbsp;da)</p>\r\n\r\n<p>&ldquo;DEKO`ART&rdquo; va &ldquo;MARJON&rdquo; brendlari ostida takrori to`q qurulish ve lok bo`yoq mahsulotlari ishlab chiqarayotgan Kompaniyamiz, O`zbekiston Respublikasi Prezidenti sovrini uchun &ldquo;Tashabbus &ndash; 2019&rdquo; ko`rik tanlovining avval Bektemir Tumani bosqichi, keyinchalik esa Toshkent shahar bosqichida ishtirok etti. &nbsp;</p>\r\n\r\n<p>Joriy yilning 12 iyun kuni Toshkent shahridagi Respublika Yoshlar Markazi binosida bo`lib o`tgan &ldquo;Tashabbus &ndash; 2019&rdquo; ko`rik tanlovining Toshkent shahr bosqichida shahrimizning barcha tumanlaridagi ko`plab sanoat karxonalari, tadbirkorlik bilan shug`ullanuvchi sub`yektlar va maishiy xizmat ko`rsatish shirkatlari ishtirok etdi. Qizgin o`tgan ushbu tadbirda Kompanyamiz, faol ishtiroki uchun maxsus diplom va chang yutgich bilan taqdirlandi. Tavsilotlar&nbsp;<a href=\"http://www.dekoart.uz/\" rel=\"external noopener noreferrer\">www.dekoart.uz</a>&nbsp;da.&nbsp;</p>", "description_ru": "<p><strong>(&nbsp;</strong>Подробности в&nbsp;<a href=\"http://www.dekoart.uz/\" rel=\"external noopener noreferrer\">www.dekoart.uz</a><strong>)</strong></p>\r\n\r\n<p><strong><em>Наша Компания, как владелец брендов &ldquo;</em></strong><strong><em>DEKO</em></strong><strong><em>`</em></strong><strong><em>ART</em></strong><strong><em>&rdquo;&nbsp;</em></strong><strong><em>va</em></strong><strong><em>&nbsp;</em></strong><strong><em>&ldquo;</em></strong><strong><em>MARJON</em></strong><strong><em>&rdquo; приняла участие сначала в Бектемирском районном этапе, а теперь уже Ташкентском городском&nbsp;</em></strong><strong><em>эта</em></strong><strong><em>пе</em></strong><strong><em>&nbsp;смотра-конкурса &quot;Ташаббус-201</em></strong><strong><em>9</em></strong><strong><em>&quot; на приз Президента Республики Узбекистан</em></strong><strong><em>.&nbsp;</em></strong></p>\r\n\r\n<p>12 июня нынешнего года в Республиканском Дворце Творчества Молодежи состоялся ежегодный Ташкентский городской этап смотра-конкурса среди предпринимателей и ремесленников &laquo;Ташаббус-2019&raquo; (&laquo;Инициатива&raquo;) на призы Президента Узбекистана и в нем участвовали промышленные предприятие, субъекты малого и среднего предпринимательства и другие объекты социального обслуживания. На высокоорганизованном мероприятие, жюри мероприятия вручали нашу компанию за активное участие Специальный Диплом и Приз Пылесос. Подробности в&nbsp;<a href=\"http://www.dekoart.uz/\" rel=\"external noopener noreferrer\">www.dekoart.uz</a>&nbsp;&nbsp;&nbsp;</p>"}}, {"model": "products.news", "pk": 2, "fields": {"created_at": "2023-03-06T12:45:15.415Z", "updated_at": "2023-03-15T19:51:48.811Z", "title_uz": "“TASHABBUS – 2019” BEKTEMIR TUMANI BOSQICHI: BIZ BIRINCHIMIZ.", "title_ru": "БЕКТЕМИРСКИЙ РАЙОННЫЙ ЭТАП СМОТРА-КОНКУРСА \"ТАШАББУС-2019\": МЫ ПОБЕДИЛИ!!!", "views_count": 3, "description_uz": "<p><strong><em>O`zbekiston Respublikasi Prezidenti sovrini uchun &ldquo;Tashabbus &ndash; 2019&rdquo; ko`rik tanlovining Bektemir Tumani bosqichi sanoat sohasi yo`nalishi nominatsiyasida kompaniyamiz birinchi&nbsp;o`rinni egalladi.</em></strong></p>\r\n\r\n<p>Joriy yilning 3 may kuni Bektemir Tumani Madaniyat Markazi binosi hovlisida bo`lib o`tgan &ldquo;Tashabbus &ndash; 2019&rdquo; ko`rik tanloviga tumanimizdagi ko`plab sanoat korxonalari, tadbirkorlik bilan shug`ullanuvchi sub`yektlar va maishiy xizmat ko`rsatish shirkatlari ishtirok etdi. Qizgin o`tgan ushbu tadbirda Kompanyamiz, tumanimizdagı eng ilg`or sanoat mahsulotlari ishlab chiquvchi korxona sifatida e`tirof etilib, Sanoat sohasida &ldquo;YILNING ENG YAXSHI TADBIRKORI&rdquo; yo`nalishi bo`yicha 1-o`rin uchun maxsus diplom va televizor bilan taqdirlandi.</p>", "description_ru": "<p><strong><em>На Бектемирском&nbsp;</em></strong><em><strong>районн</strong><strong>ом</strong><strong>&nbsp;эта</strong><strong>пе</strong><strong>&nbsp;смотра-конкурса &quot;Ташаббус-2019&quot; на приз Президента Республики Узбекистан</strong><strong>&nbsp;наша компания заняла первое место в номинации&nbsp;</strong><strong>&laquo;Самый лучший предприниматель года в сфере&nbsp;промышленности&raquo;</strong></em><strong><em>.</em></strong><br />\r\n<br />\r\n3 мая нынешнего года в Бектемирском Культурном Центре состоялся ежегодный районный этап смотра-конкурса среди предпринимателей и ремесленников &laquo;Ташаббус-2019&raquo; (&laquo;Инициатива&raquo;) на призы Президента Узбекистана и в нем участвовали промышленные предприятие, субъекты малого и среднего предпринимательства и другие объекты социального обслуживания. На высокоорганизованном мероприятие наша компания признана самым передавым производителем промышленных товаров и удостоена на Специальный Диплом&nbsp;&nbsp;&laquo;Самый лучший предприниматель года в&nbsp;сфере&nbsp;<strong>промышленности</strong>&raquo;&nbsp;и Приз Телевизор.&nbsp;</p>"}}, {"model": "products.news", "pk": 3, "fields": {"created_at": "2023-03-06T12:46:01.599Z", "updated_at": "2023-03-15T19:51:57.901Z", "title_uz": "DEKO`ART - MUTAXASSIS FIKRIGA QULOQ SOLING!!!", "title_ru": "МНЕНИЕ СПЕЦИАЛИСТОВ", "views_count": 6, "description_uz": "", "description_ru": ""}}, {"model": "products.news", "pk": 4, "fields": {"created_at": "2023-03-06T12:46:54.426Z", "updated_at": "2023-03-25T03:52:36.070Z", "title_uz": "DEKO`ART - BIZ SUVDAN QO`RQMAYMIZ!", "title_ru": "ОЙ, ЛАДЫ, ЛАДЫ, НЕ БОИМСЯ МЫ ВОДЫ!", "views_count": 7, "description_uz": "", "description_ru": ""}}, {"model": "products.news", "pk": 5, "fields": {"created_at": "2023-03-06T12:48:01.503Z", "updated_at": "2023-03-22T03:23:43.302Z", "title_uz": "DEKO`ART TELEVIDENIYADA", "title_ru": "СМОТРИТЕ DEKO`ART В ТВ", "views_count": 3, "description_uz": "", "description_ru": ""}}, {"model": "products.news", "pk": 6, "fields": {"created_at": "2023-03-06T12:49:11.862Z", "updated_at": "2023-03-22T03:21:19.208Z", "title_uz": "HAMKORLARGA SOVG`ALAR", "title_ru": "\"DEKO`ART\" HAMKORLARIGA SOVG`ALAR! 2018 yil natijalariga ko`ra \"Deko`art\" hamkorlari o`rtasida kompaniyamiz mahsulotlaridan eng ko`p foydalangan, ishlatgan va sotgan hamkorlarga turli sovg`lar topshirildi.", "views_count": 1, "description_uz": "<p><strong>&quot;DEKO`ART&quot; HAMKORLARIGA SOVG`ALAR!</strong></p>\r\n\r\n<p><strong>2018 yil natijalariga ko`ra &quot;Deko`art&quot; hamkorlari o`rtasida kompaniyamiz mahsulotlaridan eng ko`p foydalangan, ishlatgan va sotgan hamkorlarga turli sovg`lar topshirildi.</strong></p>", "description_ru": "<p><strong>&quot;DEKO`ART&quot; HAMKORLARIGA SOVG`ALAR!</strong></p>\r\n\r\n<p><strong>2018 yil natijalariga ko`ra &quot;Deko`art&quot; hamkorlari o`rtasida kompaniyamiz mahsulotlaridan eng ko`p foydalangan, ishlatgan va sotgan hamkorlarga turli sovg`lar topshirildi.</strong></p>"}}, {"model": "products.attachment_news", "pk": 1, "fields": {"news": 1, "title_uz": "KOMPANIYAMIZ “TASHABBUS – 2019”", "title_ru": "НАША КОМПАНИЯ ПРИНЯЛА УЧАСТИЕ В", "photo_url": "https://telegra.ph/file/0e148a482b856ec876717.jpg", "video_url": null}}, {"model": "products.attachment_news", "pk": 2, "fields": {"news": 2, "title_uz": "“TASHABBUS – 2019” BEKTEMIR TUM", "title_ru": "БЕКТЕМИРСКИЙ РАЙОННЫЙ ЭТАП СМОТ", "photo_url": "https://telegra.ph/file/a53918e122b8ca894fc21.jpg", "video_url": null}}, {"model": "products.attachment_news", "pk": 3, "fields": {"news": 3, "title_uz": "DEKO`ART - MUTAXASSIS FIKRIGA Q", "title_ru": "МНЕНИЕ СПЕЦИАЛИСТОВ", "photo_url": "https://telegra.ph/file/db11a5be3474701aa3c7a.jpg", "video_url": null}}, {"model": "products.attachment_news", "pk": 4, "fields": {"news": 4, "title_uz": "DEKO`ART - BIZ SUVDAN QO`RQMAYM", "title_ru": "ОЙ, ЛАДЫ, ЛАДЫ, НЕ БОИМСЯ МЫ ВО", "photo_url": "https://telegra.ph/file/db11a5be3474701aa3c7a.jpg", "video_url": null}}, {"model": "products.attachment_news", "pk": 5, "fields": {"news": 5, "title_uz": "DEKO`ART TELEVIDENIYADA", "title_ru": "СМОТРИТЕ DEKO`ART В ТВ", "photo_url": "https://telegra.ph/file/e6fec01e3ef50f47ef878.jpg", "video_url": null}}, {"model": "products.attachment_news", "pk": 6, "fields": {"news": 6, "title_uz": "HAMKORLARGA SOVG`ALAR", "title_ru": "ПОДАРКИ ПАРТНЕРАМ \"DEKO`ART\"", "photo_url": "https://telegra.ph/file/9a78d48f22e1771279bc0.jpg", "video_url": null}}, {"model": "products.attachment_news", "pk": 7, "fields": {"news": 1, "title_uz": "1-oktyabr \"O'qituvchi va murabb", "title_ru": "1-oktyabr \"O'qituvchi va murabb", "photo_url": "https://telegra.ph/file/1a433c432bf658a09f924.jpg", "video_url": null}}, {"model": "products.attachment_news", "pk": 8, "fields": {"news": 1, "title_uz": "1-oktyabr \"O'qituvchi va murabb", "title_ru": "1-oktyabr \"O'qituvchi va murabb", "photo_url": "https://telegra.ph/file/1a433c432bf658a09f924.jpg", "video_url": "https://telegra.ph/file/1a433c432bf658a09f924.jpg"}}, {"model": "products.attachment_news", "pk": 9, "fields": {"news": 1, "title_uz": "1-oktyabr \"O'qituvchi va murabb", "title_ru": "1-oktyabr \"O'qituvchi va murabb", "photo_url": "https://telegra.ph/file/1a433c432bf658a09f924.jpg", "video_url": null}}, {"model": "products.videos", "pk": 1, "fields": {"created_at": "2023-03-06T16:50:29.558Z", "updated_at": "2023-03-27T14:31:33.694Z", "title_uz": "Dekoart Travertin", "title_ru": "Dekoart Travertin", "views_count": 66, "description_uz": "", "description_ru": "", "photo_url": "https://telegra.ph/file/3b6077ec768302208b344.jpg", "video_url": "https://youtu.be/3K1A3vvBgIg"}}, {"model": "products.videos", "pk": 2, "fields": {"created_at": "2023-03-06T16:51:48.895Z", "updated_at": "2023-03-27T04:38:48.928Z", "title_uz": "Leonardo", "title_ru": "Leonardo", "views_count": 4, "description_uz": "", "description_ru": "", "photo_url": "https://telegra.ph/file/d7812b06a8cc36c82b8d0.jpg", "video_url": "https://youtu.be/D5Rt4s_4r18"}}, {"model": "products.videos", "pk": 3, "fields": {"created_at": "2023-03-06T16:52:50.346Z", "updated_at": "2023-03-27T04:38:58.252Z", "title_uz": "Venetto", "title_ru": "Venetto", "views_count": 2, "description_uz": "", "description_ru": "", "photo_url": "https://telegra.ph/file/d7812b06a8cc36c82b8d0.jpg", "video_url": "https://youtu.be/ZpR95QgwvEQ"}}, {"model": "products.masters", "pk": 1, "fields": {"created_at": "2023-03-06T17:21:38.006Z", "updated_at": "2023-03-25T10:56:51.117Z", "name_uz": "AHMEDOV FARXOD", "name_ru": "АХМЕДОВ ФАРХОД", "views_count": 33, "description_uz": "<p>&nbsp;</p>\r\n\r\n<p><strong>Тел.:</strong>&nbsp; +(998) 95 1982666; +(998) 99 855-26-66; +(998) 99 486-26-66; +(998) 90 988-26-66<br />\r\n<strong>Адрес :</strong>&nbsp;+998951982666 (Deko`art Ofis)</p>", "description_ru": "<p>&nbsp;</p>\r\n\r\n<p><strong>Тел.:</strong>&nbsp; +(998) 95 1982666; +(998) 99 855-26-66; +(998) 99 486-26-66; +(998) 90 988-26-66<br />\r\n<strong>Адрес :</strong>&nbsp;+998951982666 (Deko`art Ofis)</p>"}}, {"model": "products.masters", "pk": 2, "fields": {"created_at": "2023-03-06T17:23:54.511Z", "updated_at": "2023-03-06T17:23:54.511Z", "name_uz": "BEKTURDIEV BEHZOD", "name_ru": "БЕКТУРАЕВ БЕХЗОД", "views_count": 0, "description_uz": "<p>&nbsp;</p>\r\n\r\n<p><strong>Тел.:</strong>&nbsp; +(998) 95 198 26 66; +(998) 99 855-26-66; +(998) 99 486-26-66; +(998) 90 988-26-66<br />\r\n<strong>Адрес :</strong>&nbsp;&nbsp;+998951982666 (Deko`art Ofis)</p>", "description_ru": "<p>&nbsp;</p>\r\n\r\n<p><strong>Тел.:</strong>&nbsp; +(998) 95 198 26 66; +(998) 99 855-26-66; +(998) 99 486-26-66; +(998) 90 988-26-66<br />\r\n<strong>Адрес :</strong>&nbsp;&nbsp;+998951982666 (Deko`art Ofis)</p>"}}, {"model": "products.masters", "pk": 3, "fields": {"created_at": "2023-03-06T17:24:51.846Z", "updated_at": "2023-03-06T17:24:51.846Z", "name_uz": "DEHQONOV JAVOHIR", "name_ru": "ДЕХКОНОВ ЖАВОХИР", "views_count": 0, "description_uz": "<p>&nbsp;</p>\r\n\r\n<p><strong>Тел.:</strong>&nbsp; +(998) 95 198 26 66; +(998) 99 855-26-66; +(998) 99 486-26-66; +(998) 90 988-26-66<br />\r\n<strong>Адрес :</strong>&nbsp; Ташкент обл. Зангиота рай. Назарбек Харакат махалла</p>", "description_ru": "<p>&nbsp;</p>\r\n\r\n<p><strong>Тел.:</strong>&nbsp; +(998) 95 198 26 66; +(998) 99 855-26-66; +(998) 99 486-26-66; +(998) 90 988-26-66<br />\r\n<strong>Адрес :</strong>&nbsp; Ташкент обл. Зангиота рай. Назарбек Харакат махалла</p>"}}, {"model": "products.masters", "pk": 4, "fields": {"created_at": "2023-03-06T17:25:31.915Z", "updated_at": "2023-03-06T17:25:31.915Z", "name_uz": "ZUFAROV JAMSHID", "name_ru": "ЗУФАРОВ ЖАМШИД", "views_count": 0, "description_uz": "<p>&nbsp;</p>\r\n\r\n<p><strong>Тел.:</strong>&nbsp; +(998) 95 198 26 66; +(998) 99 855-26-66; +(998) 99 486-26-66; +(998) 90 988-26-66<br />\r\n<strong>Адрес :</strong>&nbsp;+998951982666 (Deko`art Ofis)</p>", "description_ru": "<p>&nbsp;</p>\r\n\r\n<p><strong>Тел.:</strong>&nbsp; +(998) 95 198 26 66; +(998) 99 855-26-66; +(998) 99 486-26-66; +(998) 90 988-26-66<br />\r\n<strong>Адрес :</strong>&nbsp;+998951982666 (Deko`art Ofis)</p>"}}, {"model": "products.masters", "pk": 5, "fields": {"created_at": "2023-03-06T17:26:12.937Z", "updated_at": "2023-03-17T11:44:34.604Z", "name_uz": "KAMOLOV SAYYODJON", "name_ru": "КАМОЛОВ САЙЙОДЖОН", "views_count": 1, "description_uz": "<p>&nbsp;</p>\r\n\r\n<p><strong>Тел.:</strong>&nbsp; +(998) 95 198 26 66; +(998) 99 855-26-66; +(998) 99 486-26-66; +(998) 90 988-26-66<br />\r\n<strong>Адрес :</strong>&nbsp; +998951982666 (Deko`art Ofis)</p>", "description_ru": "<p>&nbsp;</p>\r\n\r\n<p><strong>Тел.:</strong>&nbsp; +(998) 95 198 26 66; +(998) 99 855-26-66; +(998) 99 486-26-66; +(998) 90 988-26-66<br />\r\n<strong>Адрес :</strong>&nbsp; +998951982666 (Deko`art Ofis)</p>"}}, {"model": "products.masters", "pk": 6, "fields": {"created_at": "2023-03-06T17:27:06.162Z", "updated_at": "2023-03-06T17:27:06.163Z", "name_uz": "MANNONOV ADHAM", "name_ru": "МАННОНОВ АДХАМ", "views_count": 0, "description_uz": "<p>&nbsp;</p>\r\n\r\n<p><strong>Тел.:</strong>&nbsp; +(998) 95 198 26 66; +(998) 99 855-26-66; +(998) 99 486-26-66; +(998) 90 988-26-66<br />\r\n<strong>Адрес :</strong>&nbsp;&nbsp;+998951982666 (Deko`art Ofis)</p>", "description_ru": "<p>&nbsp;</p>\r\n\r\n<p><strong>Тел.:</strong>&nbsp; +(998) 95 198 26 66; +(998) 99 855-26-66; +(998) 99 486-26-66; +(998) 90 988-26-66<br />\r\n<strong>Адрес :</strong>&nbsp;&nbsp;+998951982666 (Deko`art Ofis)</p>"}}, {"model": "products.masters", "pk": 7, "fields": {"created_at": "2023-03-06T17:27:49.782Z", "updated_at": "2023-03-06T17:27:49.782Z", "name_uz": "NURIDDINOV ZUHRIDDIN", "name_ru": "НУРИДДИНОВ ЗУХРИДДИН", "views_count": 0, "description_uz": "<p><strong>Тел.:</strong>&nbsp; +(998) 95 198 26 66; +(998) 99 855-26-66; +(998) 99 486-26-66; +(998) 90 988-26-66<br />\r\n<strong>Адрес :</strong>&nbsp; +998951982666 (Deko`art Ofis)</p>", "description_ru": "<p><strong>Тел.:</strong>&nbsp; +(998) 95 198 26 66; +(998) 99 855-26-66; +(998) 99 486-26-66; +(998) 90 988-26-66<br />\r\n<strong>Адрес :</strong>&nbsp; +998951982666 (Deko`art Ofis)</p>"}}, {"model": "products.masters", "pk": 8, "fields": {"created_at": "2023-03-06T17:28:34.344Z", "updated_at": "2023-03-06T17:28:34.344Z", "name_uz": "RAXMATOV ABDUVALI", "name_ru": "РАХМАТОВ АБДУВАЛИ", "views_count": 0, "description_uz": "<p>&nbsp;</p>\r\n\r\n<p><strong>Тел.:</strong>&nbsp; +(998) 95 198 26 66; +(998) 99 855-26-66; +(998) 99 486-26-66; +(998) 90 988-26-66<br />\r\n<strong>Адрес :</strong>&nbsp;+998951982666 (Deko`art Ofis)</p>", "description_ru": "<p>&nbsp;</p>\r\n\r\n<p><strong>Тел.:</strong>&nbsp; +(998) 95 198 26 66; +(998) 99 855-26-66; +(998) 99 486-26-66; +(998) 90 988-26-66<br />\r\n<strong>Адрес :</strong>&nbsp;+998951982666 (Deko`art Ofis)</p>"}}, {"model": "products.masters", "pk": 9, "fields": {"created_at": "2023-03-06T17:29:28.396Z", "updated_at": "2023-03-21T18:52:15.321Z", "name_uz": "TOG`AEV ABDULLA", "name_ru": "ТОГАЕВ АБДУЛЛА", "views_count": 1, "description_uz": "<p>&nbsp;</p>\r\n\r\n<p><strong>Тел.:</strong>&nbsp; +(998) 95 198 26 66; +(998) 99 855-26-66; +(998) 99 486-26-66; +(998) 90 988-26-66<br />\r\n<strong>Адрес :</strong>&nbsp; +998951982666 (Deko`art Ofis)</p>", "description_ru": "<p>&nbsp;</p>\r\n\r\n<p><strong>Тел.:</strong>&nbsp; +(998) 95 198 26 66; +(998) 99 855-26-66; +(998) 99 486-26-66; +(998) 90 988-26-66<br />\r\n<strong>Адрес :</strong>&nbsp; +998951982666 (Deko`art Ofis)</p>"}}, {"model": "products.attachment_masters", "pk": 1, "fields": {"master": 1, "photo_url": "https://telegra.ph/file/1a433c432bf658a09f924.jpg", "video_url": null}}, {"model": "products.attachment_masters", "pk": 2, "fields": {"master": 1, "photo_url": "https://telegra.ph/file/1a433c432bf658a09f924.jpg", "video_url": null}}, {"model": "products.attachment_masters", "pk": 3, "fields": {"master": 1, "photo_url": "https://telegra.ph/file/1a433c432bf658a09f924.jpg", "video_url": null}}]